-- phpMyAdmin SQL Dump
-- version 5.1.1
-- https://www.phpmyadmin.net/
--
-- Host: localhost
-- Generation Time: Oct 14, 2021 at 12:19 PM
-- Server version: 10.4.21-MariaDB
-- PHP Version: 8.0.10

SET SQL_MODE = "NO_AUTO_VALUE_ON_ZERO";
START TRANSACTION;
SET time_zone = "+00:00";


/*!40101 SET @OLD_CHARACTER_SET_CLIENT=@@CHARACTER_SET_CLIENT */;
/*!40101 SET @OLD_CHARACTER_SET_RESULTS=@@CHARACTER_SET_RESULTS */;
/*!40101 SET @OLD_COLLATION_CONNECTION=@@COLLATION_CONNECTION */;
/*!40101 SET NAMES utf8mb4 */;

--
-- Database: `AssuitHospitals`
--

-- --------------------------------------------------------

--
-- Table structure for table `Admin`
--

CREATE TABLE `Admin` (
  `ID` int(11) NOT NULL,
  `Name` varchar(90) NOT NULL,
  `Email` varchar(50) NOT NULL,
  `Password` varchar(70) NOT NULL,
  `Img` varchar(50) DEFAULT NULL,
  `SuperAdmin` int(11) DEFAULT 0
) ENGINE=InnoDB DEFAULT CHARSET=utf8mb4;

--
-- Dumping data for table `Admin`
--

INSERT INTO `Admin` (`ID`, `Name`, `Email`, `Password`, `Img`, `SuperAdmin`) VALUES
(8, 'admin', 'admin@admin.com', '25d55ad283aa400af464c76d713c07ad', NULL, 1);

-- --------------------------------------------------------

--
-- Stand-in structure for view `AdminView`
-- (See below for the actual view)
--
CREATE TABLE `AdminView` (
`ID` int(11)
,`Name` varchar(90)
,`Email` varchar(50)
,`Password` varchar(70)
,`Img` varchar(50)
);

-- --------------------------------------------------------

--
-- Table structure for table `artical`
--

CREATE TABLE `artical` (
  `id` int(11) NOT NULL,
  `title` text COLLATE utf8_unicode_ci NOT NULL,
  `keywords` varchar(2000) COLLATE utf8_unicode_ci NOT NULL,
  `about_re` text COLLATE utf8_unicode_ci NOT NULL,
  `file` varchar(1000) COLLATE utf8_unicode_ci NOT NULL,
  `doctor_name` text COLLATE utf8_unicode_ci NOT NULL,
  `phone` text COLLATE utf8_unicode_ci NOT NULL,
  `img` varchar(100) COLLATE utf8_unicode_ci NOT NULL,
  `date` date NOT NULL DEFAULT current_timestamp(),
  `email` text COLLATE utf8_unicode_ci NOT NULL
) ENGINE=InnoDB DEFAULT CHARSET=utf8 COLLATE=utf8_unicode_ci;

--
-- Dumping data for table `artical`
--

INSERT INTO `artical` (`id`, `title`, `keywords`, `about_re`, `file`, `doctor_name`, `phone`, `img`, `date`, `email`) VALUES
(1, 'سرطان الرئه', 'الدخان - الكحوليات', 'من أفضل الاستراتيجيات لتقليل السِمنة في مرحلة الطفولة تحسين عادات الأكل والتمرين لكل عائلتك. تساعد معالجة السِمنة ومنعها على حماية صحة طفلك في مرحلة الطفولة وفي المستقبل.', 'uplouds/hgmd-pathfactory_lab.pdf', 'على حسين', '01091708433', 'uplouds/pp.jpg', '2021-09-09', 'habebaayman19@gmail.com'),
(2, 'اهم الاخبااااااااااااار', 'الدخان - الكحوليات', 'من أفضل الاستراتيجيات لتقليل السِمنة في مرحلة الطفولة تحسين عادات الأكل والتمرين لكل عائلتك. تساعد معالجة السِمنة ومنعها على حماية صحة طفلك في مرحلة الطفولة وفي المستقبل.', 'uplouds/Final_SAD_2020_Test_bank_BioinformaticsFinal(Answer).pdf', 'ايمن احمد', '01091708433', 'uplouds/1.jpg', '2021-09-10', 'habeba.12332661@compit.aun.edu.eg');

-- --------------------------------------------------------

--
-- Table structure for table `brainchat`
--

CREATE TABLE `brainchat` (
  `id` int(11) NOT NULL,
  `messages` mediumtext NOT NULL,
  `response` mediumtext NOT NULL
) ENGINE=InnoDB DEFAULT CHARSET=utf8mb4;

--
-- Dumping data for table `brainchat`
--

INSERT INTO `brainchat` (`id`, `messages`, `response`) VALUES
(1, '1', 'مدير المستشفى - عيادات المستشفى - رقم خدمة المواطنين'),
(2, 'مدير المستشفى|مدير المستشفى؟|من هو مدير المستشفى|من هو مدير المستشفى؟', 'أ.د / علاء الدين محمد درويش'),
(3, 'عيادات المستشفى|عيادات المستشفى؟|ماهي عيادات المستشفى؟|ماهي عيادات المستشفى', 'عيادة الامراض النفسية\r\nعيادة الامراض العصبية\r\nعيادة العلاج على نفقة الدولة\r\nعيادة جراحة المخ و الاعصاب'),
(4, 'رقم خدمة المواطنين|ماهو الرقم|ماهو الرقم؟|ماهو رقم خدمة المواطنين؟|رقم خدمة المواطنين؟', 'يمكنك الاتصال على (6193)');

-- --------------------------------------------------------

--
-- Table structure for table `chatbot`
--

CREATE TABLE `chatbot` (
  `id` int(11) NOT NULL,
  `messages` mediumtext NOT NULL,
  `response` mediumtext NOT NULL
) ENGINE=InnoDB DEFAULT CHARSET=utf8mb4;

--
-- Dumping data for table `chatbot`
--

INSERT INTO `chatbot` (`id`, `messages`, `response`) VALUES
(1, '1', 'مدير المستشفى - عيادات المستشفى - رقم خدمة المواطنين'),
(2, 'مدير المستشفى|مدير المستشفى؟|من هو مدير المستشفى|من هو مدير المستشفى؟', 'أ.د / عماد حماد الدالي'),
(3, 'عيادات المستشفى|عيادات المستشفى؟|ماهي عيادات المستشفى؟|ماهي عيادات المستشفى', 'عيادة التغذية\r\nعيادة الصدرية\r\nعيادة العامة 1+2\r\nعيادة الجهاز الهضمي\r\nعيادة جراحة عامه\r\nعيادة العظام\r\nعيادة القدرات الذهنية\r\n..عيادة أمراض الدم\r\n..عيادة اللياقة\r\n..عيادة جراحة التجميل\r\n..عيادة رسم العضلات و الاعصاب\r\n..عيادة مخ و الاعصاب\r\n..عيادة التطعيمات\r\n..عيادة رسم المخ\r\n..عيادة المناعة\r\n..عيادة الكلى\r\n..عيادة الغدد\r\n..عيادة العصبية\r\n..عيادة الكبد\r\n..عيادة الدرن\r\n..عيادة الوراثة\r\nعيادة الأيكو'),
(4, 'رقم خدمة المواطنين|ماهو الرقم|ماهو الرقم؟|ماهو رقم خدمة المواطنين؟|رقم خدمة المواطنين؟', 'يمكنك الاتصال على 010(+20)');

-- --------------------------------------------------------

--
-- Stand-in structure for view `ClincView`
-- (See below for the actual view)
--
CREATE TABLE `ClincView` (
`ID` int(11)
,`Specialization` varchar(70)
);

-- --------------------------------------------------------

--
-- Table structure for table `Clinic`
--

CREATE TABLE `Clinic` (
  `ID` int(11) NOT NULL,
  `Specialization` varchar(70) NOT NULL,
  `About` varchar(255) DEFAULT NULL,
  `MediaID` int(11) DEFAULT NULL,
  `PersonID` int(11) DEFAULT NULL,
  `Dept_ID` int(11) DEFAULT NULL
) ENGINE=InnoDB DEFAULT CHARSET=utf8mb4;

--
-- Dumping data for table `Clinic`
--

INSERT INTO `Clinic` (`ID`, `Specialization`, `About`, `MediaID`, `PersonID`, `Dept_ID`) VALUES
(1, 'جراحة الكبد', NULL, NULL, NULL, 1),
(2, 'جراحة الجهاز الهضمي', NULL, NULL, NULL, 1),
(3, 'جراحة المناظير', NULL, NULL, NULL, 1),
(4, 'المناظير التشخيصية والعلاجية', NULL, NULL, NULL, 1),
(5, 'جراحة الأطفال', NULL, NULL, NULL, 1),
(6, 'جراحة الوجه والفكين', NULL, NULL, NULL, 1),
(7, 'جراحات الليزر', NULL, NULL, NULL, 1),
(8, 'الغدد الصماء والسكر', NULL, NULL, NULL, 2),
(9, 'الجهاز الهضمى\r\n', NULL, NULL, NULL, 2),
(10, 'الأمراض الروماتيزمية', NULL, NULL, NULL, 2),
(11, 'أمراض الدم\r\n', NULL, NULL, NULL, 2),
(12, 'الكلي', NULL, NULL, NULL, 2),
(13, 'القلب والعناية المركزة عالية الكفاءة', NULL, NULL, NULL, 2),
(14, 'جراحة التجميل والاصلاح', NULL, NULL, NULL, 4),
(15, 'الحروق', NULL, NULL, NULL, 4),
(16, 'عناية مركزة للحروق', NULL, NULL, NULL, 4),
(17, 'الصدر', NULL, NULL, NULL, 5),
(18, 'البطن', NULL, NULL, NULL, 5),
(19, 'الرقبة', NULL, NULL, NULL, 5),
(20, 'جراحات الأوعية الدموية بالأطراف', NULL, NULL, NULL, 5),
(21, 'إصابات الأوعية الدموية', NULL, NULL, NULL, 5),
(22, 'المخ', NULL, NULL, NULL, 6),
(23, 'العمود الفقرى', NULL, NULL, NULL, 6),
(24, 'تشوهات الجمجمة', NULL, NULL, NULL, 6),
(25, 'تشوهات العمود الفقري', NULL, NULL, NULL, 6),
(26, 'جراحة العمود الفقري', NULL, NULL, NULL, 7),
(27, 'تثبيت الكسور\r\n', NULL, NULL, NULL, 7),
(28, 'احة إستبدال مفاصل الحوض والركبة', NULL, NULL, NULL, 7),
(29, 'جراحة اليد والأوتار والأعصاب\r\n', NULL, NULL, NULL, 7),
(30, 'الجراحة الميكروسكوبية', NULL, NULL, NULL, 7),
(31, 'جراحة عظام الأطفال', NULL, NULL, NULL, 7),
(32, 'جراحة مناظير المفاصل\r\n', NULL, NULL, NULL, 7),
(33, 'جراحة تطويل الأطراف', NULL, NULL, NULL, 7),
(34, 'جراحة علاج الأورام', NULL, NULL, NULL, 7),
(35, 'إصابات الملاعب', NULL, NULL, NULL, 7),
(36, 'تثبيت جميع كسور الأطراف بواسطة شرائح ومسامير', NULL, NULL, NULL, 7),
(37, 'زرع العدسات داخل العين', NULL, NULL, NULL, 8),
(38, 'علاج الإنفصال الشبكى', NULL, NULL, NULL, 8),
(39, 'جراحات الحجاج والمياه الزرقاء والحول والجهاز الدمعى وعمليات تجميل الجف', NULL, NULL, NULL, 8),
(40, 'الأمراض الجلدية\r\n', NULL, NULL, NULL, 9),
(41, 'الأمراض التناسلية\r\n', NULL, NULL, NULL, 9),
(42, 'أمراض الذكورة', NULL, NULL, NULL, 9),
(43, 'الأشعة فوق البنفسجية', NULL, NULL, NULL, 9),
(44, 'مناظير الصدر', NULL, NULL, NULL, 11),
(45, 'الفحص بالموجات فوق الصوتية', NULL, NULL, NULL, 11),
(46, 'العناية المركزة للصدر', NULL, NULL, NULL, 11),
(47, 'قياس وظائف التنفس', NULL, NULL, NULL, 11),
(48, 'وحدة العلاج (بالموجات فوق الصوتية – الليزر- التنبية الكهربائى - العلاج', NULL, NULL, NULL, 14),
(49, 'التمرينات العلاجية', NULL, NULL, NULL, 14),
(50, 'الشد الكهربائى العنقى والقطنى', NULL, NULL, NULL, 14),
(51, 'التشخيص الكهربائى', NULL, NULL, NULL, 14),
(52, 'فصل مكونات الدم\r\n', NULL, NULL, NULL, 14),
(53, 'انف و أذن و الحنجرة', NULL, NULL, NULL, 16),
(54, 'التخاطب', NULL, NULL, NULL, 16),
(55, 'السمعيات', NULL, NULL, NULL, 16),
(56, 'الغسيل الكلوي', 'تشغل الدور الارضى من مبنى المستشفى الرئيسى وتتكون من ثلاثة غرف غسيل كلوى للمرضى وتحتوى على 27 سرير غسيل كلوى وتحتوى على 27 جهاز غسيل كلوى وملحق بها غرفة عناية مركزة وبها عدد 2 سرير و1 مونتور و1 جهاز صدمات للإسعاف المرضى فى الحالات الحرجة وعيادة امراض الكل', NULL, NULL, NULL),
(57, 'المناظير', 'تشغل الدور الثانى علوى من مبنى المستشفى الرئيسى وتحتوى على غرفة مجهزة بأحدث الإجهزة الخاصة بالمناظير وبها عدد 2 منظار قولون ومنظار معدة وتم تدريب جميع الأطباء والعاملين بوحدة المناظير بمستشفى الراجحى للكبد', NULL, NULL, NULL),
(58, 'الأشعة', NULL, NULL, NULL, NULL),
(59, 'الأطفال المبتسرين', 'يوجد بها عدد 3 حضانات خاصة مجهزة للأطفال', NULL, NULL, NULL),
(60, 'الأطفال', NULL, NULL, NULL, NULL),
(61, 'المسالك البولية', NULL, NULL, NULL, NULL),
(62, 'صدرية', NULL, NULL, NULL, NULL),
(63, 'الكلي', NULL, NULL, NULL, NULL),
(64, 'الجراحة العامة', NULL, NULL, NULL, NULL),
(65, 'الباطنة والقلب', NULL, NULL, NULL, NULL),
(66, 'الجهاز الهضمي', NULL, NULL, NULL, NULL),
(67, 'الرمد', NULL, NULL, NULL, NULL),
(68, 'الأسنان', NULL, NULL, NULL, NULL),
(69, 'العظام', NULL, NULL, NULL, NULL),
(70, 'نساء و ولادة', NULL, NULL, NULL, NULL);

-- --------------------------------------------------------

--
-- Table structure for table `Department`
--

CREATE TABLE `Department` (
  `ID` int(11) NOT NULL,
  `Specialization` varchar(70) NOT NULL,
  `Name` varchar(70) NOT NULL,
  `About` varchar(255) DEFAULT NULL,
  `MediaID` int(11) DEFAULT NULL,
  `ClinicID` int(11) DEFAULT NULL,
  `HospitalID` int(11) DEFAULT NULL
) ENGINE=InnoDB DEFAULT CHARSET=utf8mb4;

--
-- Dumping data for table `Department`
--

INSERT INTO `Department` (`ID`, `Specialization`, `Name`, `About`, `MediaID`, `ClinicID`, `HospitalID`) VALUES
(1, '', 'الجراحة العامة', NULL, NULL, NULL, 1),
(2, '', 'الباطنة العامة', NULL, NULL, NULL, 1),
(3, '', 'جراحة القلب و الصدر', NULL, NULL, NULL, 1),
(4, '', 'جراحة التجميل و الحروق', NULL, NULL, NULL, 1),
(5, '', 'جراحة الأوعية الدموية', NULL, NULL, NULL, 1),
(6, '', 'جراحة المخ و الأعصاب', NULL, NULL, NULL, 1),
(7, '', 'جراحة العظام', NULL, NULL, NULL, 1),
(8, '', 'طب و جراحة العيون', NULL, NULL, NULL, 1),
(9, '', 'الأمراض الجلدية و التناسلية و أمراض الذكوره', NULL, NULL, NULL, 1),
(10, '', 'أمراض القلب ', NULL, NULL, NULL, 1),
(11, '', 'أمراض الصدرية', NULL, NULL, NULL, 1),
(12, '', 'الأشعة التشخيصية', NULL, NULL, NULL, 1),
(13, '', 'الأشعة العلاجية', NULL, NULL, NULL, 1),
(14, '', 'الروماتيزم و التأهيل', NULL, NULL, NULL, 1),
(15, '', 'الباثولوجيا الإكلينيكية', NULL, NULL, NULL, 1),
(16, '', 'جراحة الأنف و الأذن و الحنجرة', NULL, NULL, NULL, 1),
(17, '', 'طب المناطق الحارة و الجهاز الهضمي', NULL, NULL, NULL, 1),
(18, '', 'قسم المعمل', NULL, NULL, NULL, 5),
(19, '', 'قسم الأشعة', NULL, NULL, NULL, 5),
(20, '', 'جراحة القلب و الصدر', NULL, NULL, NULL, 8),
(21, '', 'طب القلب و الأوعية الدموية', NULL, NULL, NULL, 8),
(22, '', 'وحدة الإستقبال الطوارئ\r\n', NULL, NULL, NULL, 2),
(23, '', 'وحدة النزلات المعوية والجفاف', NULL, NULL, NULL, 2),
(24, '', 'وحدة أمراض الجهاز الهضمي والكبد والمناظير وسوء التغذية', NULL, NULL, NULL, 2),
(25, '', 'وحدة أمراض الدم', NULL, NULL, NULL, 2),
(26, '', 'وحدة أمراض الكلى والكلي الصناعية', NULL, NULL, NULL, 2),
(27, '', 'وحدة أمراض وقسطرة القلب', NULL, NULL, NULL, 2),
(28, '', 'وحدة الأمراض العصبية وفسيولوجيا الأعصاب', NULL, NULL, NULL, 2),
(29, '', 'وحدة الأمراض الصدرية ', NULL, NULL, NULL, 2),
(30, '', 'وحدة الأمراض الوراثية', NULL, NULL, NULL, 2),
(31, '', 'وحدة أمراض الغدد الصماء', NULL, NULL, NULL, 2),
(32, '', 'وحدة أمراض التمثيل الغذائي والأمراض الاستقلابية', NULL, NULL, NULL, 2),
(33, '', 'وحدة العناية المتوسطة للأطفال', NULL, NULL, NULL, 2),
(34, '', 'وحدة العناية المركزة للأطفال حديثي الولادة', NULL, NULL, NULL, 2),
(35, '', 'وحدة العناية المركزة للأطفال', NULL, NULL, NULL, 2),
(36, '', 'وحدة للعناية المركزة لعمليات الأطفال', NULL, NULL, NULL, 2),
(37, '', 'جناح القسم العام', NULL, NULL, NULL, 2),
(38, '', 'وحدة الصيدلة الإكلينيكية', NULL, NULL, NULL, 2),
(39, '', 'قسم جراحات الأطفال', NULL, NULL, NULL, 2),
(40, '', 'وحدة التغذية السريرية للأطفال\r\n\r\n', NULL, NULL, NULL, 2),
(41, '', 'جناح العمليات الجراحية والمناظير والقسطرة القلبية', NULL, NULL, NULL, 2),
(42, '', 'وحدة الأمراض المناعية وأمراض الروماتيزم ', NULL, NULL, NULL, 2),
(43, '', 'وحدة جراحة التجميل وجراحة العظام', NULL, NULL, NULL, 2),
(44, '', 'وحدة جراحة الصدر والقلب', NULL, NULL, NULL, 2),
(45, '', 'الأقسام الداخلية', NULL, NULL, NULL, 5),
(46, '', 'وحدة زراعة الكبد', NULL, NULL, NULL, 5),
(47, '', 'وحدة المناظير', NULL, NULL, NULL, 5),
(48, '', 'استقبال و طوارئ جراحة المخ و الأعصاب', NULL, NULL, NULL, 7),
(49, '', 'استقبال و طوارئ الأمراض العصبية', NULL, NULL, NULL, 7),
(50, '', 'استقبال و طوارئ الطب النفسى', NULL, NULL, NULL, 7),
(51, '', 'عمليات طوارئ جراحة المخ والأعصاب', NULL, NULL, NULL, 7),
(52, '', 'وحدة الطب النفسى سيدات', NULL, NULL, NULL, 7),
(53, '', 'وحدة الطب النفسى رجال	', NULL, NULL, NULL, 7),
(54, '', 'معمل القياسات النفسية و العصبية و طب نفس الأطفال ', NULL, NULL, NULL, 7),
(55, '', 'مركز علاج الإدمان', NULL, NULL, NULL, 7),
(56, '', 'قسم الأمراض العصبية سيدات', NULL, NULL, NULL, 7),
(57, '', 'قسم الأمراض العصبية رجال	', NULL, NULL, NULL, 7),
(58, '', 'العلاج الخاص\r\n', NULL, NULL, NULL, 7),
(59, '', 'العلاج الخاص (تحت الإنشاء)\r\n', NULL, NULL, NULL, 7),
(60, '', 'العناية المركز ووحدة السكتة الدماغية لقسم العصبية	', NULL, NULL, NULL, 7),
(61, '', 'وحدة فسيولوجيا الجهاز العصبى	', NULL, NULL, NULL, 7),
(62, '', 'قسم جراحة المخ والأعصاب وجراحات نزيف المخ', NULL, NULL, NULL, 7),
(63, '', 'جراحات ومناظير العمود الفقرى', NULL, NULL, NULL, 7),
(64, '', 'جراحات المخ ثلاثية الأبعاد\r\n\r\n', NULL, NULL, NULL, 7),
(65, '', 'جراحات العيوب الخلقية بالمخ و الحبل الشوكى\r\n\r\n', NULL, NULL, NULL, 7),
(66, '', 'عناية جراحة المخ و الأعصاب (متوسطة)\r\n', NULL, NULL, NULL, 7),
(67, '', 'عمليات جراحة المخ و الأعصاب	', NULL, NULL, NULL, 7),
(68, '', 'العناية المركزة لجراحة المخ و الأعصاب\r\n\r\n', NULL, NULL, NULL, 7);

-- --------------------------------------------------------

--
-- Stand-in structure for view `DepartmentView`
-- (See below for the actual view)
--
CREATE TABLE `DepartmentView` (
`ID` int(11)
,`Name` varchar(70)
);

-- --------------------------------------------------------

--
-- Table structure for table `events`
--

CREATE TABLE `events` (
  `id` int(11) NOT NULL,
  `title` text COLLATE utf8_unicode_ci NOT NULL,
  `date` date NOT NULL DEFAULT current_timestamp(),
  `loc` text COLLATE utf8_unicode_ci NOT NULL
) ENGINE=InnoDB DEFAULT CHARSET=utf8 COLLATE=utf8_unicode_ci;

--
-- Dumping data for table `events`
--

INSERT INTO `events` (`id`, `title`, `date`, `loc`) VALUES
(4, 'ندوه تعرفيه عن.....', '2021-10-06', 'جامعه اسيوط');

-- --------------------------------------------------------

--
-- Table structure for table `heartchat`
--

CREATE TABLE `heartchat` (
  `id` int(11) NOT NULL,
  `messages` mediumtext NOT NULL,
  `response` mediumtext NOT NULL
) ENGINE=InnoDB DEFAULT CHARSET=utf8mb4;

--
-- Dumping data for table `heartchat`
--

INSERT INTO `heartchat` (`id`, `messages`, `response`) VALUES
(1, '1', 'مدير المستشفى - عيادات المستشفى - رقم خدمة المواطنين'),
(2, 'مدير المستشفى|مدير المستشفى؟|من هو مدير المستشفى|من هو مدير المستشفى؟', 'أ.د/ حسام حسن العربي'),
(3, 'عيادات المستشفى|عيادات المستشفى؟|ماهي عيادات المستشفى؟|ماهي عيادات المستشفى', 'عيادة....\r\nعيادة....\r\nعيادة....\r\nعيادة....\r\nعيادة....'),
(4, 'رقم خدمة المواطنين|ماهو الرقم|ماهو الرقم؟|ماهو رقم خدمة المواطنين؟|رقم خدمة المواطنين؟', 'يمكنك الاتصال على 010(+20)');

-- --------------------------------------------------------

--
-- Table structure for table `Hospital`
--

CREATE TABLE `Hospital` (
  `ID` int(11) NOT NULL,
  `Name` varchar(90) NOT NULL,
  `About` text DEFAULT NULL,
  `Vision` text DEFAULT NULL,
  `Map` varchar(70) DEFAULT NULL,
  `MediaID` int(11) DEFAULT NULL,
  `DepartmentID` int(11) DEFAULT NULL,
  `GroupID` int(11) DEFAULT NULL,
  `SliderStatment` text DEFAULT NULL
) ENGINE=InnoDB DEFAULT CHARSET=utf8mb4;

--
-- Dumping data for table `Hospital`
--

INSERT INTO `Hospital` (`ID`, `Name`, `About`, `Vision`, `Map`, `MediaID`, `DepartmentID`, `GroupID`, `SliderStatment`) VALUES
(1, 'المستشفى الرئيسى', 'NULL', 'أن تحصل مستشفيات جامعة اسيوط على الاعتماد من خلال تقديم مستوي متميز للخدمات الصحية .', 'Null', NULL, NULL, NULL, 'تعتبر مستشفيات جامعة أسيوط\nمن أكبر المستشفيات التعليمية و العلاجية\nعلي مستوري جمهورية مصر العربية'),
(2, 'مستشفي الاطفال الجامعى', 'أقيمت مستشفى الأطفال الجامعي على مساحة 7000 متر مربع وتتكون من بدروم  وأرضى وخمس طوابق علوية  متكررة وبسعة كلية تجاوز 600 سرير شاملة كافة التخصصات  الطبية في شتى فروع طب وجراحات الأطفال  وهي أول مستشفي تخصصي لطب الأطفال بصعيد مصر وتم الافتتاح التشغيلي لها بتاريخ 25/7/2004م.\r\nمنذ افتتاح المستشفى للتشغيل كان الحرص الدائم من الادارات المتوالية على المستشفى لمواكبة مسيرة التطور والتقدم السريع فى مجال العلاجات المستحدثة والأجهزة التقنية الحديثة في شتى فروع وتخصصات طب وجراحات الأطفال وذلك طبقا للامكانيات المتوفرة.', 'الرؤية :\r\nأن نحقق الريادة فى التعليم الطبي والرعاية الصحية فى مجال الرعاية لطب الأطفال وأن يكون لنا أثر بارز فى المجال الصحي على المجتمع المصري بصورة عامة ومجتمع صعيد مصر بصورة خاصة والمساهمة الفعالة فى طب رعاية الأطفال على المستوى القومي والعالمي والمشاركة المجتمعية الفعالة لتعميم المفاهيم الثقافية الخاطئة الى حوار.\r\n\r\nالرسالة :\r\nتقديم نظام متكامل من الرعاية الطبية ذات الجودة والمعايير العالمية للأطفال وتدريب الكوادر الصحية بهذا المجال فى صعيد مصر وعلى المستوى القومي من خلال منظومة طبية وتدريبية متكاملة.\r\n\r\nالأهداف:\r\nتقديم الخدمات الطبية ذات الجودة والمعايير العالمية المتعارف عليها عالميا فى مجال طب الأطفال الى المجتمع المصري.\r\nتعليم وتدريب الكوادر الصحية المختلفة من أطباء وتمريض فى مجال طب الأطفال على المستوى القومي من خلال البرامج التدريبية المتعارف عليها فى هذا المجال للأطباء المقيمين وأطباء برامج الزمالة المصرية للعناية المركزة للأطفال وحديثي الولادة وجراحات الصدر والقلب والعظام وغيرها.\r\nتفعيل دور البحث العلمي فى مجال طب الأطفال والاسهام الفعال فى التقدم والرقي فى هذا المجال على المستوى القومي والعالمي.\r\nتطويع البحث العلمي لخدمة الأطفال المرضى بما يعود بالنفع في شفاؤهم وتقليل نسب الوفيات لديهم.', NULL, NULL, NULL, NULL, NULL),
(3, 'مستشفي صحة المرأه الجامعى', 'Null', NULL, NULL, NULL, NULL, NULL, NULL),
(4, 'مستشفى أم القصور', 'نبذة حول المستشفى :\r\nمستشفى أم القصور الجامعى احدى فروع مستشفيات أسيوط الجامعى وتقع فى قرية أم القصور التابعة لمركز منفلوط بمحافظة أسيوط وتبعد عن المحافظة حوالى 30كم وتقوم المستشفى بتقديم الخدمة لعدة قرى ومنها :(رميح - نزة - بنى رافع – ام القصور - بنى قرة – المدور) وحيث إنها تقع فى موقع متوسط بين مراكز منفلوط والقوصية وديروط وتخدم اعداد كبيرة من الناس.\r\n\r\nقصة إنشاء المستشفي\r\nالمستشفى كان حلم يراود رجل الاعمال / عماد حسين عبد النبى . لخدمه اهالى مدينه شمال اسيوط ان هذه المنطقه بها كميه من القرى الأكثر فقرا وكميه اكبر من المرضى غير القادرين فنشأت لديه فكره توفير الخدمه الطبيه المتكامله بإشراف جامعى متخصص متمثل فى مستشفيات جامعة اسيوط فبدأ بالتفكير فى محورين :-\r\n\r\nالمحور الاول :\r\nانشاء وتجهيز المبنى الخاص بالمستشفى لكى يضاهى المستشفيات الأستثمارية شكلا ولغير القادرين موضوعا وعملا .\r\nالمحور الثانى :\r\nإلحاق وضم المستشفى بمستشفيات الجامعه لجامعه اسيوط لكى تلاقى الاهتمام والرعايه الطبيه المطلوبه والمنشودة وكان له بفضل الله وتوفيقه ما أراد', 'الرؤية :\r\nان تكون مستشفى ام القصور الجامعى مركزاً متميزاً ورائداً فى الخدمات الصحية والتعليمية والبحثية على المستوى الإقليمى .\r\n\r\nالرسالة :\r\nتقديم رعاية صحية متكاملة ، متطورة وآمنة فى متناول الجميع مع مراعاة معايير الجودة ، وتقديم خدمات تعليمية وبحثية وتدريبية مع مراعاة أخلاقيات المهنة وصحة العاملين والمجتمع والبيئة .\r\nالأهداف :\r\n1-المريض أولاً : تسخير كل الموارد البشرية والمادية لخدمة المريض .\r\n2- الجودة :تحقيق المستوى الأمثل للخدمة الطبية والتعليمية والتحسين المستمر .\r\n\r\n3- الأمان : تحقيق بيئة آمن للمريض والعاملين والمجتمع .\r\n\r\n4- التميز والتفرد : الإتقان والإبتكار والتطوير المستمر .\r\n\r\n5- العمل بروح الفريق : بناء روح التعاون والإنتماء ، الإتصال الفعال والمشاركة فى الرأى .', NULL, NULL, NULL, NULL, NULL),
(5, 'مستشفى الراجحى الجامعى للكبد', 'المستشفى تعد أكبر صرح طبى و أول مستشفى بالصعيد لمرضى الكبد، وقد ساهم فى إنشائها مؤسسة الراجحى بالسعودية بمبلغ 52 مليون جنيه ومؤسسة مصر الخير بأربعة ملايين جنيه وساهمت الدولة بـنحو 60 مليون جنيه بإجمالى قدره 130 مليون جنيه، وتم افتتاح مستشفى الراجحى الجامعى للكبد يوم الأربعاء 13 يونيه 2012 واشتغل تجريبيًا في عام 2013، وبدء العمل الحقيقي به في عام 2014. وتم تشغيلها على ثلاثة مراحل بدء من الجراحات الصغيرة ونهاية بزرع الكبد .', 'لرؤيـــة\r\nالوصول الى مستوى متميز ومعتمد طبقا لمعايير الجودة فى علاج أمراض الكبد والبنكرياس والجهاز المرارى على المستوى القومى خلال خمس سنوات و على المستوى الدولى خلال عشرة سنوات.\r\n\r\nالرســــالة\r\nالارتقاء بصحة المجتمع في مجال علاج أمراض الكبد والبنكرياس والجهاز المرارى من خلال تقديم خدمة طبية عالية الجودة ورفع كفاءة الفريق الطبى وأبحاث طبية متميزة.\r\n\r\n', NULL, NULL, NULL, NULL, NULL),
(6, 'مستشفي جراحة المسالك البولية والكلي\r\n', 'مستشفى جراحه المسالك البولية جامعه اسيوط هي أكبر مستشفى في صعيد مصر لعلاج امراض المسالك البولية والتناسلية. حيث انها تستقبل الاف المرضي شهرا لتلقي العلاج والفحص واجراء العمليات العديدة من جميع انحاء الجمهورية حيث انها تتميز بوجود نخبه من أساتذة جراحه المسالك البولية في جميع تخصصات جراحات المسالك البولية المتعددة.\r\nنرحب بحضراتكم في أكبر صرح لجراحات المسالك البولية في صعيد مصر ونتمنى لحضراتكم الشفاء العاجل\r\n\r\nتعتبر مستشفى جراحة المسالك البولية بجامعة أسيوط صرح طبي متميز في صعيد مصر ؛ حيث أنها تخدم كتلة سكانية كبيرة في محافظات الصعيد (اكثر من 23 مليون نسمة) بدأ من محافظة المنيا حتى أسوان، بالإضافة إلى محافظة البحر الاحمر ومحافظة الوادي الجديد. و للاسف نسبة الفقر فى محافظات الصعيد تفوق 50% و فد تصل الى 71% فى قرى الصعيد (نسبة الفقر فى مصر 27.7%) ؛ و أسيوط هى الافقر (تصل نسبة الفقر فيها الى 66%).\r\n\r\nمستشفى جراحة المسالك والكلى هي مستشفى متخصصة في جراحات المسالك البولية في صعيد مصر، افتتحت مستشفى المسالك عام 2013 لتوفير الرعاية الطبية والتمريضية اللازمتين لمرضى المسالك البولية.ان مستشفى المسالك البولية وجراحة الكلى لا تعنى فقط بالبحث العلمي في مجال طب المسالك البولية كمستشفى تعليمي بل تتيح خدماتها العلاجية الى اكثر من 20 مليون فرد في محافظات الصعيد وهو مايضع على عاتقنا القيام بدور ملموس في تطوير امكانات المستشفى العلاجية والبحثية.ندعو الله عز وجل ان يمد يده الينا في مهمتنا الجليلة لخدمة مرضى المسالك .البولية والكلى في صعيد مصر وان يكلل عملنا الى رفعة شأن المستشفى والوطن\r\n\r\n\r\nتاريخ مستشفى المسالك البولية وجراحة الكلي\r\n\r\nنتيجة للنمو المطرد في اعداد مرضى المسالك البولية والكلى في الصعيد فقد تقرر إنشاء مستشفى يعنى خصيصا بجراحة المسالك البولية والكلى حيث تم بدء العمل فى مستشفى جراحة المسالك البولية والكلى رغم كونها قيد التجهيز فى اواخر 2013.\r\n\r\nومستشفى المسالك البولية تتكون من مبنى واحد بعشرة طوابق مقسمة ما بين الاستخدمات الطبية والعلاجية والاستخدمات الادارية. تبلغ سعتها 192 سرير علاجي بالاضاقة الى 20 سرير لوحدات العناية المركزة في المستشفى.\r\n\r\nوتتنوع الخدمات الطبية التي تقدمها مستشفى المسالك والكلى حيث استفاد اكثر من 27570مريض سنويا من الخدمات التشخيصية والطبية المقدمة في مستشفى جراحة المسالك البولية والكلى، موزعة ما بين 22385 مريض تم تقديم الخدمات الطبية لهم في العيادات الخارجية (عيادة الاطفال ، عيادة المسالك النسائية واضطرابات التبول ، عيادة أورام المسالك ، حصوات المسالك ، أمراض البروستاتا ، عيادة أمراض الذكورة ومساعدة الإنجاب ) و2388 مريض استفادو من خدمات وحدة تفتيت الحصوات، و2797 مريض ترددو على عيادة التعاقدات.\r\n\r\nتحتوي مستشفى جراحة المسالك البولية والكلى على نظامين داخلين هما نظام العلاج المجاني ونظام العلاج الخاص، حيث يحتوى نظام العلاج المجاني على قسم مسالك رجال ويقع في الدور الثالث والرابع من المستشفى بقوة 48 سرير علاجي وقسم مسالك حريم ويقع في الدور الخامس بقوة 24سرير علاجي وقسم جراحة المسالك البولية للأطفال ويقع في الدور السادس.\r\n\r\nوتقدم مستشفى المسالك خدماتها العلاجية والطبية الى مرضى العلاج الخاص ( العلاج باسعار اقتصادية ) حيث يقع قسم العلاج الخاص في ادوار المستشفى الثالث والرابع والخامس والسادس متنوعة ما بين اسرة علاجية من الدرجة الاولى والدرجة الثانية.', 'الرؤية:\r\nأن نكون من المراكز الطبية المتميزة و الرائدة فى الخدمات الصحية والتعليمية والبحثية على المستوى الإقليمى في تطوير جراحة المسالك البولية و أمراض الكلي و الوصول الى مستوى متميز ومعتمد طبقا لمعايير الجودة .\r\nالرسالة:\r\nتقديم خدمات صحية آمنة متكاملة عالية الجودة, باستخدام أحدث الأجهزة والتقنيات الطبية المتطورة وتقديم مثالا يحتذي به في التميز لمؤسسات الرعاية الصحية الحكومية و غير الهادفة للربح ، وتقديم خدمات تعليمية وبحثية وتدريبية فى مجال أمراض الكلى و جراحة المسالك البولية مع مراعاة أخلاقيات المهنة.', NULL, NULL, NULL, NULL, NULL),
(7, 'مستشفي الامراض العصبية والنفسية', NULL, 'رؤية المستشفي\r\nأن تكون مستشفى الأمراض العصبية والنفسية وجراحة المخ والأعصاب مركزاً متميزاً ورائداً فى الخدمات الصحية والتعليمية والبحثية لهذه التخصصات على مستوى الصعيد وأن تكون من الرواد فى تقديم الخدمات الصحية على المستوى الإقليمى والعربى ومركزاً لتخريج كوادر طبية ومهنية متميزة لخدمة المجتمع .\r\n\r\n\r\nرسالة المستشفي\r\n- تقديم رعاية صحية متكاملة لمرضى العصبية والنفسية وجراحة المخ والأعصاب على كافة مستوياتها (الأولية والثانوية والتخصصية)\r\n\r\n- تقديم خدمة طبية متطورة وآمنة فى متناول الجميع من المرضى غير القادرين والقادرين مع مراعاة معايير الجودة .\r\n\r\n- تقديم خدمات تعليمية وبحثية وتدريبية مع مراعاة أخلاقيات المهنة وصحة العاملين والمجتمع والبيئة .\r\n\r\nبيان بالخدمات الأساسية داخل مستشفى الأمراض العصبية والنفسية وجراحة المخ والأعصاب\r\n\r\n- عدد العيادات الخارجية -(4)\r\n\r\n- عدد الأقسام الداخلية - (17)\r\n\r\n- عدد المستفيدين بالإستقبال من 24/7/2014 - (7592)\r\n\r\n- عدد الأطباء البشريين - (96)\r\n\r\n- عدد الصيادلة - (6)\r\n\r\n- عدد هيئة التمريض - (187)\r\n\r\n- عدد الفنيين - (2)\r\n\r\n- عدد الأسرة العلاجية - (358)\r\n\r\n- عدد الصيدليات - (5)\r\n\r\n- عدد المخازن ادوية - (1)\r\n\r\n- عدد غرف العمليات - (5)\r\n\r\n- العناية المركزة 2 وحدة\r\n\r\n', NULL, NULL, NULL, NULL, NULL),
(8, 'مستشفى القلب الجامعى', 'يعتبر مستشفى القلب الجامعى أكبر مستشفى متخصص فى صعيد مصر فى أمراض القلب والأوعية الدموية وجراحات القلب بمختلف أنواعها .\r\nيضم المستشفى من الناحية الأكاديمية الأقسام والوحدات التالية :\r\n\r\nقسم طب القلب والأوعية الدموية والشرايين .\r\nقسم جراحة القلب والصدر .\r\nوحدة أمراض القلب للأطفال .\r\nوحدة جراحات القلب للأطفال .\r\nويتكون المستشفى من جناحين كل جناح يحتوى على ثمانية طوابق على مساحة 3400م2 بإجمالى عدد 266 سرير .\r\nويهدف المستشفى إلى تقديم كافة الخدمات الطبية لمرضى القلب سواء الكبار أو الأطفال فى صعيد مصر .\r\n\r\n\r\n وتتمثل خدمات المستشفى فى :\r\n-استقبال حاﻻت الطوارئ لمرضى القلب وجراحاته وتحويلها الى اﻻقسام الداخلية المختلفىة \r\n- تحويل المرضى الذين يحتاجون الى عناية مركزة  وعناية المتوسطة\r\n- عيادات خارجية لمرضى القلب وجراحاته\r\n- إجراء قسطرة القلب التشخيصية والدوائية والعﻼجية وكهروفسيلوجيا القلب\r\n- إجراء كافة عمليات القلب والصدر بما فيهما عمليات القلب المفتوح\r\n- إجراء كافة اﻷشعات الﻼزمة لمرضى القلب وجراحاته - إجراء كافة التحاليل اﻹكلينيكية لمرضى القلب وجراحاته\r\n- تقديم الرعاية الحرجة لمرضى القلب وجراحاته ( وأستحداث العديد من الخدمات المتميزة مثل عمل حاﻻت القسطرة اﻷولية لمرض الجلطات القلبية الحادة المسماة بدعامة الحياة، وخدمة الحاﻻت الطارئة وأجراء أخطر أدق عمليات جراحة القلب بدقة عالية\r\n- أحدى المستشفيات المختارة لمبادرة السيد  رئيس الجمهورية  -  عبد الفتاح السيسي للتشخيص والعﻼج الطبي عن بعد و اﻻرتقاء بخدماتها الطبية من خﻼل عقد ورش العمل المتخصصة فى مجال جراحة القلب، بالتعاون مع عدداً من الخبراء اﻷجانب العالميين والتي أسهمت فى إكساب شباب اﻷطباء العديد من الخبرات العملية وذلك من خﻼل تشجيعهم على المشاركة فى مختلف المحافل العلمية داخل وخارج مصر، بما يضمن مواكبتهم ﻷحدث طرق التشخيص والعلاج المطبقة فى أكبر المستشفيات العالمية المتخصصة.', NULL, NULL, NULL, NULL, NULL, NULL),
(9, 'مستشفى اسيوط الجديدة', 'تخدم المستشفي ليس فقط سكان مدينة أسيوط الجديدة ولكن أيضاً القري المحيطة بها. لذا فهي تقع علي عاتقها مسؤلية الالتزام الكامل بتقديم خدمة صحية لائقة.\r\n\r\nتعمل المستشفي علي مدار 24 ساعة مقسمة كالآتي:\r\nقسم العيادات ويبدأ من الساعة 9 صباحاُ وحتي ال1 ظهراً يومياً ماعدا الجمعة والسبت\r\nقسم الطوارئ ويعمل علي مدار 24 ساعة يومياً (باطنة – اطفال – نساء وتوليد – عظام – جراحة)\r\nتاريخ الإنشاء\r\nوافق مجلس جامعه أسيوط بتاريخ 1/1/2016 علي إنشاء مستشفى اسيوط الجديدة الجامعى و قد تم الاعتماد بالموافقة من معالي السيد الأستاذ الدكتور وزير التعليم العالي والدولة للبحث العلمي رئيس المجلس الأعلى للجامعات\r\n\r\nموقع مستشفي اسيوط الجديدة الجامعى:-\r\nتقع مستشفى أسيوط الجديدة الجامعي بحي الزهور بمدينة أسيوط الجديدة على مساحة10500 متر.\r\n\r\nتتكون المستشفي من عدد 8 مباني', 'رؤية المستشفي\r\nأن تكون المستشفى بإذن الله تعالى الأكثر تميزاً بين المستشفيات ورائدة في تقديم خدمات الرعاية الصحية من خلال العمل المتواصل وخلق بيئة صحية إيجابية من قبل فريق متكامل ومتطور لتحقيق التوافق مع المعايير المحلية والعالمية.\r\nرسالة المستشفي\r\nتقدم المستشفى بعون الله الرعاية الصحية المتكاملة للمرضى الغير قادرين والقادرين بالمنطقة التي تقع بها المستشفى والمناطق المجاورة لها وتحديدا منطقه مدينه اسيوط الجديدة', NULL, NULL, NULL, NULL, NULL);

-- --------------------------------------------------------

--
-- Stand-in structure for view `HospitalView`
-- (See below for the actual view)
--
CREATE TABLE `HospitalView` (
`ID` int(11)
,`Name` varchar(90)
);

-- --------------------------------------------------------

--
-- Table structure for table `liverchat`
--

CREATE TABLE `liverchat` (
  `id` int(11) NOT NULL,
  `messages` mediumtext NOT NULL,
  `response` mediumtext NOT NULL
) ENGINE=InnoDB DEFAULT CHARSET=utf8mb4;

--
-- Dumping data for table `liverchat`
--

INSERT INTO `liverchat` (`id`, `messages`, `response`) VALUES
(1, '1', 'مدير المستشفى - عيادات المستشفى - رقم خدمة المواطنين'),
(2, 'مدير المستشفى|مدير المستشفى؟|من هو مدير المستشفى|من هو مدير المستشفى؟', 'أ.د. شريف كامل'),
(3, 'عيادات المستشفى|عيادات المستشفى؟|ماهي عيادات المستشفى؟|ماهي عيادات المستشفى', 'عيادة الجهاز الهضمى والكبد\r\nعيادة الفيروسات الكبدية\r\nعيادة اورام الكبد\r\nعيادة التهاب القولون\r\nعيادة زراعة الكبد\r\nعيادة الجراحه\r\nعيادة استسقاء البطن\r\nعيادة نزيف الجهاز الهضمى\r\nعيادة التعاقدات'),
(4, 'رقم خدمة المواطنين|ماهو الرقم|ماهو الرقم؟|ماهو رقم خدمة المواطنين؟|رقم خدمة المواطنين؟', 'يمكنك الاتصال على 010(+20)');

-- --------------------------------------------------------

--
-- Table structure for table `mainchat`
--

CREATE TABLE `mainchat` (
  `id` int(11) NOT NULL,
  `messages` mediumtext NOT NULL,
  `response` mediumtext NOT NULL
) ENGINE=InnoDB DEFAULT CHARSET=utf8mb4;

--
-- Dumping data for table `mainchat`
--

INSERT INTO `mainchat` (`id`, `messages`, `response`) VALUES
(1, '1', 'مدير المستشفى - عيادات المستشفى - رقم خدمة المواطنين'),
(2, 'مدير المستشفى|مدير المستشفى؟|من هو مدير المستشفى|من هو مدير المستشفى؟', 'أ.د/ علاء الدين عبد المنعم السيد'),
(3, 'عيادات المستشفى|عيادات المستشفى؟|ماهي عيادات المستشفى؟|ماهي عيادات المستشفى', 'عيادة....\r\nعيادة....\r\nعيادة....\r\nعيادة....\r\nعيادة....'),
(4, 'رقم خدمة المواطنين|ماهو الرقم|ماهو الرقم؟|ماهو رقم خدمة المواطنين؟|رقم خدمة المواطنين؟', 'يمكنك الاتصال على 01007575069(+20)');

-- --------------------------------------------------------

--
-- Table structure for table `ManagementGroup`
--

CREATE TABLE `ManagementGroup` (
  `HospiyalID` int(11) NOT NULL,
  `PersonID` int(11) NOT NULL
) ENGINE=InnoDB DEFAULT CHARSET=utf8mb4;

-- --------------------------------------------------------

--
-- Table structure for table `Media`
--

CREATE TABLE `Media` (
  `ID` int(11) NOT NULL,
  `Content` varchar(50) DEFAULT NULL
) ENGINE=InnoDB DEFAULT CHARSET=utf8mb4;

-- --------------------------------------------------------

--
-- Stand-in structure for view `MediaView`
-- (See below for the actual view)
--
CREATE TABLE `MediaView` (
`ID` int(11)
,`Content` varchar(50)
);

-- --------------------------------------------------------

--
-- Table structure for table `Message`
--

CREATE TABLE `Message` (
  `ID` int(11) NOT NULL,
  `Email` varchar(50) NOT NULL,
  `Content` text NOT NULL
) ENGINE=InnoDB DEFAULT CHARSET=utf8mb4;

--
-- Dumping data for table `Message`
--

INSERT INTO `Message` (`ID`, `Email`, `Content`) VALUES
(1, 'sallamrady@gmail.com', 'رسالة رقم 1'),
(2, 'sallamrady@gmail.com', 'رسالة 2'),
(3, 'sallamrady@gmail.com', 'رسالة 3'),
(4, 'sallamrady@gmail.com', 'vshgm  l;,mlkmlk'),
(5, 'sallamrady@gmail.com', 'ghjghgf'),
(6, 'sallamrady@gmail.com', 'fgfhgd');

-- --------------------------------------------------------

--
-- Table structure for table `msalekchat`
--

CREATE TABLE `msalekchat` (
  `id` int(11) NOT NULL,
  `messages` mediumtext NOT NULL,
  `response` mediumtext NOT NULL
) ENGINE=InnoDB DEFAULT CHARSET=utf8mb4;

--
-- Dumping data for table `msalekchat`
--

INSERT INTO `msalekchat` (`id`, `messages`, `response`) VALUES
(1, '1', 'مدير المستشفى - عيادات المستشفى - رقم خدمة المواطنين'),
(2, 'مدير المستشفى|مدير المستشفى؟|من هو مدير المستشفى|من هو مدير المستشفى؟', 'أ.د / ضياء الدين عبد الحميد'),
(3, 'عيادات المستشفى|عيادات المستشفى؟|ماهي عيادات المستشفى؟|ماهي عيادات المستشفى', 'عيادة زرع الكلى\r\nعيادة المسالك الأطفال\r\nعيادة وحدة الاشعة التلفزيونية\r\nعيادة الاشعة التشخصية\r\nعيادة الطوارئ و الاستقبال\r\nعبادة التداخلية\r\nعيادة وحدة ديناميكية التبول\r\nعيادة وحدة تفتيت الحصوات بالموجات التصادمية\r\nعيادة المسالك البولية النسائية و اضطرابات التطور\r\nعبادة اورام المسالك\r\nعيادة أمراض الذكوره\r\nعيادة المسالك البولية العامة\r\nعيادة الحصوات\r\nعيادة التعاقدات'),
(4, 'رقم خدمة المواطنين|ماهو الرقم|ماهو الرقم؟|ماهو رقم خدمة المواطنين؟|رقم خدمة المواطنين؟\r\n\r\n', 'يمكنك الاتصال على 01007863771(+20)');

-- --------------------------------------------------------

--
-- Table structure for table `newassiutchat`
--

CREATE TABLE `newassiutchat` (
  `id` int(11) NOT NULL,
  `messages` mediumtext NOT NULL,
  `response` mediumtext NOT NULL
) ENGINE=InnoDB DEFAULT CHARSET=utf8mb4;

--
-- Dumping data for table `newassiutchat`
--

INSERT INTO `newassiutchat` (`id`, `messages`, `response`) VALUES
(1, '1', 'مدير المستشفى - عيادات المستشفى - رقم خدمة المواطنين'),
(2, 'مدير المستشفى|مدير المستشفى؟|من هو مدير المستشفى|من هو مدير المستشفى؟', 'د/غاده محمد سيد'),
(3, 'عيادات المستشفى|عيادات المستشفى؟|ماهي عيادات المستشفى؟|ماهي عيادات المستشفى', 'عيادة الأمراض ألباطنه وأمراض القلب\r\nعيادة جراحة العظام\r\nعيادة الأطفال\r\nعيادة النساء والتوليد\r\nعيادة الجراحة العامة\r\nعيادة الأسنان\r\nعيادة الأمراض الجلدية والتناسلية\r\nعيادة جراحة التجميل'),
(4, 'رقم خدمة المواطنين|ماهو الرقم|ماهو الرقم؟|ماهو رقم خدمة المواطنين؟|رقم خدمة المواطنين؟', 'يمكنك الاتصال على 010(+20)');

-- --------------------------------------------------------

--
-- Table structure for table `News`
--

CREATE TABLE `News` (
  `ID` int(11) NOT NULL,
  `NewsDate` date NOT NULL DEFAULT curdate(),
  `Title` varchar(255) DEFAULT NULL,
  `Content` text DEFAULT NULL,
  `MediaID` int(11) DEFAULT NULL,
  `HospitalID` int(11) DEFAULT NULL
) ENGINE=InnoDB DEFAULT CHARSET=utf8mb4;

--
-- Dumping data for table `News`
--

INSERT INTO `News` (`ID`, `NewsDate`, `Title`, `Content`, `MediaID`, `HospitalID`) VALUES
(1, '2021-09-20', 'المستحدث في جراحة الأنف والأذن والحنجرة بالمنظار في مؤتمر علمي بجامعة أسيوط', 'عقد قسم جراحة الأنف والأذن والحنجرة بكلية الطب جامعة أسيوط  مؤتمرها العلمي الحادي عشر ،  برعاية الأستاذ الدكتور طارق الجمال رئيس الجامعة ، بحضور الأستاذ الدكتور شحاته غريب نائب رئيس الجامعة لشئون التعليم والطلاب والأستاذ الدكتور علاء عطية عميد كلية الطب ورئيس مجلس إدارة المستشفيات الجامعية، وبرئاسة الأستاذ الدكتور أحمد أبو الوفا رئيس قسم جراحة الأنف والأذن، وبإشراف الأستاذ الدكتور محمد محمود رشدي سكرتير عام المؤتمر والأستاذ الدكتور محمد المدثر مقرر المؤتمر، يهدف المؤتمر إلى التعرف على أحدث ما وصل إليه الطب في مجال الجراحات بالمنظار، والمستحدث في مجال جراحة الأنف والأذن والحنجرة عن طريق الجراحات بالمنظار وكذلك المستحدث في مجال الصوتيات، كما تضمن المؤتمر  ورش عمل لتدريب شباب الأطباء على الجراحات المتطورة بالمنظار كبديلا عن الجراحات الميكروسكوبية، عن طوارئ الأذن الداخلية كالدوار والطنين، والتي توصف بالجراحات ذات المهارة المتقدمة.شارك في المؤتمر عدد من الجامعات المصرية منها جامعات عين شمس والمنيا واسكندرية و مستشفيات القوات المسلحة، وتستمر  فعاليات المؤتمر لمده ثلاثة أيام بمدينة الغردقة.', NULL, 1),
(2, '2021-09-20', 'مناقشة رسالة الدكتوراه الخاصة بالطبيب / محمد فاروق عبد الحافظ - مدرس مساعد بقسم جراحة القلب والصدر - كلية الطب - جامعة أسيوط', NULL, NULL, 1),
(3, '2021-09-19', 'مناقشة رسالة الدكتوراه الخاصة بالطبيبة / مروة محمد أبو كريشة - مدرس مساعد بقسم الأمراض الباطنة - كلية الطب - جامعة أسيوط', NULL, NULL, 1),
(4, '2021-09-18', 'الاجتماع العلمي لقسم طب وجراحه العيون يوم الاحد الموافق19 سبتمبر', NULL, NULL, 1),
(5, '2021-09-16', 'رئيس جامعة أسيوط يتفقد المستشفى الجامعي الرئيسي تمهيدا لعمل بوابات إلكترونية', 'أجرى الأستاذ الدكتور طارق الجمال رئيس جامعة أسيوط، جولة تفقدية للمستشفى الجامعي الرئيسي، في إطار متابعته المستمرة لتطوير المستشفيات الجامعية، ولبحث تنفيذ البوابات الإلكترونية التنظيمية للمستشفى الرئيسي، بهدف تنظيم دخول وخروج الأفراد مع إمكانية وضع أنظمة لمعرفة مواعيد الدخول والخروج، ولتنظيم الزيارات بتذكرة خاصة لكل زائر وتنظيم دخول وخروج العاملين من خلال كارت ID  رافق رئيس جامعة أسيوط خلال جولته الأستاذ الدكتور علاء عطية عميد كلية الطب ورئيس مجلس إدارة المستشفيات الجامعية، والأستاذ الدكتور إيهاب فوزي المدير التنفيذي للمستشفيات الجامعية، والأستاذ الدكتور محمد حلمي المستشار الهندسي للمستشفيات الجامعية', NULL, 1),
(6, '2021-09-14', 'لأول مره في صعيد مصر بمستشفيات جامعة اسيوط: ورشه عمل حول استئصال الغده الدرقية بالمنظار', '    استكمالا لما تقوم به مستشفيات جامعة أسيوط من    توفير الخدمة التعليمية لابناءها من الكوادر الطبية، نظم قسم الجراحة العامة بالمستشفى الجامعي الرئيسي ورشه عمل بعنوان\" استئصال الغده الدرقية بالمنظار\" تحت رعاية الدكتور طارق الجمال رئيس جامعه اسيوط ، الدكتور علاء عطيه عميد كليه الطب ورئيس مجلس اداره المستشفيات الجامعية ، الدكتور ايهاب فوزي المدير التنفيذي للمستشفيات الجامعية ، الدكتور علاء عبدالمنعم مدير المستشفى الجامعي الرئيسي \r\nوصرح الدكتور علاء عطيه أن التقنيات والتكنولوجيا الحديثة ساهمت في إحداث ثوره في المجال الطبي والعلمي خصوصاً في التدخلات الجراحية بالمنظار كأحد أهم العلاجات الجديدة المستخدمة لتفادي التدخل الجراحي وتقليل المضاعفات الناتجة عنه قدر الإمكان\r\nواشار الدكتور ايهاب فوزي ان استئصال الغده الدرقية بالمنظار من العمليات الأولى من نوعها في مستشفيات جامعه اسيوط. لتخدم مرضى صعيد مصر، وتتعدد جراحات المناظير لتشمل كثيراً من العمليات الجراحية ولا تزال تمتد أكثر فأكثر مع نمو الخبرة وتطور الأجهزة اللازمة لهذه العمليات .\r\nوعن الورشة ذكر الدكتور مصطفى ثابت رئيس قسم الجراحة العامة خطه لدى القسم بإنشاء وحدات تخصصيه في الجراحة العامه ومنها جراحه الغدد الصماء والمتمثلة في استئصال الغده الدرقية بالمنظار، وجراحه الوجه والفكين والمتمثلة في استئصال الغدد اللعابية تحت الفكين بالمنظار، مشيراً إلى ان هذا النوع من العمليات تعد من العمليات المتقدمة ذات مهاره خاصه.والجدير بالذكر تضمنت ورشه عمل لفيف من الاطباء من مستشفيات الصحة والمستشفيات الجامعية الأخرى', NULL, 1),
(7, '2021-09-14', 'المؤتمر العلمى الرابع عشر لجمعية جنوب مصر للسكرى والغدة الصماء فى الفترة من ( 16 - 17 سبتمبر 2021 م ) بمحافظة الأقصر', NULL, NULL, 1),
(8, '2021-09-13', 'مناقشة رسالة الدكتوراة الخاصة بالطبيب/ إبراهيم محمد إمبابى أحمد - مدرس مساعد بقسم التخدير والعناية المركزة - كلية الطب - جامعة أسيوط', '', NULL, 1),
(9, '2021-09-13', 'مناقشة رسالة الماجستير الخاصة بالطبيبة / أسماء محمد فراج محمد - طبيب مقيم بعيادة الأمراض الجلدية والجذام', NULL, NULL, 1),
(10, '2021-09-12', 'ورشه عمل بمستشفيات جامعة أسيوط حول \" المستحدث في علاج أمراض تصلب العضلات', '  نظم قسم التخدير والعناية المركزة بمستشفيات جامعة أسيوط ورشة عمل حول                 \" المستحدث في علاج أمراض تصلب العضلات \"، تحت رعاية الأستاذ الدكتور طارق الجمال رئيس الجامعة والأستاذ الدكتور علاء عطية عميد كلية الطب ورئيس مجلس إدارة المستشفيات  الجامعية والأستاذ الدكتور إيهاب فوزي المدير التنفيذي للمستشفيات الجامعية \r\nوشارك في الورشة لفيف من الأطباء المصريين والعرب ،  الأستاذ الدكتور عبد الرحيم العوامي   أستاذ علاج آلام ( آلام الأعصاب والعمود الفقري ) بجامعة أسيوط، والأستاذ الدكتور وليد أحمد عبد الغني أستاذ جراحة المخ والأعصاب بجامعة عين شمس، والأستاذ الدكتور خالد أوسامة أستاذ قسم الأمراض العصبية والنفسية بجامعة أسيوط، والأستاذ الدكتور نجلاء جاد الله أستاذ بالطب الطبيعي والروماتيزم والتأهيل بجامعة عين شمس، والأستاذ الدكتور أنور محمد علي الأستاذ المساعد بجراحة المخ والأعصاب بجامعة أسيوط، والأستاذ الدكتور منال حسانين الأستاذ المساعد بالطب الطبيعي والروماتيزم والتأهيل بجامعة أسيوط، والدكتور علي أحمد عبد العليم مدرس جراحة المخ والأعصاب بجامعة أسيوط، الدكتور عبد الله السيد علام مدرس الطب الطبيعي والروماتيزم والتأهيل بجامعة طنطا\r\nوأشار الدكتور علاء عطية أن منظومة مستشفيات أسيوط الجامعية طرأ عليها تحسن خلال الفترة الماضية ، وهناك خطط تقوم عليها الجامعة وإدارة المستشفيات الجامعية لتطوير تلك المنظومة التى تستهدف تقديم خدمة علاجية جيدة للمواطنين ، وفي إطار ذلك تحرص مستشفيات جامعة أسيوط على تنظيم ورش عمل تهدف نقل الخبرات والتأكيد على التعليم الطبي المستمر من خلال تدريب وتأهيل الأطباء\r\nومن جانبه أوضح الدكتور إيهاب فوزي أن مستشفيات جامعة أسيوط تحرص على إتباع أساليب علاجية تساعد في تحسين حياة المريض والتعامل مع الآلام المزمنة والمرض المستعصي حتي يتمكن من ممارسة حياة مستقلة وكريمة قدرالامكان على الرغم من المرض\r\nوصرح الدكتور عبد الرحيم العوامي أن الورشة تناولت الحديث عن علاج جديد في كيفية استخدام البوتكس كعلاج لتخفيف حده الآلام المزمنة  والآم الأعصاب\r\nوأشاد الطبيب الليبي الدكتور أحمد خليفة بورشة العمل، التي ايتبادل فيها الخبرات مع أهل الخبرة ، وقد مثلت الورشة إضافة حقيقية في مجال التدخلات الطبية لمعالجة الآلآم المزمنة والتى لها علاقة بجراحة الأعصاب والطب الوظيفي\r\nوفي ختام الورشة قام الأستاذ الدكتور علاء عطية بتقديم شهادات تكريم لعددا من الأستاذه تقديرا لجهودهم العلمية', NULL, 1),
(11, '2021-09-19', 'الأسبوع العالمي للرضاعة الطبيعيه يوم الاربعاء الموافق 22 سبتمبر', NULL, NULL, 2),
(12, '2021-09-08', 'مناقشات علميه', NULL, NULL, 2),
(13, '2021-09-02', 'مستشفيات جامعة أسيوط:4 مقرات جديدة لتلقي لقاح كورونا', 'في إطار دور مستشفيات جامعة أسيوط الخدمي والمجتمعي في مكافحة انتشار فيروس كورونا ، استقبل الاستاذ الدكتور علاء عطية عميد كلية الطب ورئيس مجلس إدارة المستشفيات الجامعية والاستاذ الدكتور إيهاب فوزي المدير التنفيذي للمستشفيات الجامعية الأستاذ الدكتور شحاتة غريب نائب رئيس جامعة أسيوط لشئون التعليم والطلاب والاستاذ الدكتور مها غانم نائب رئيس الجامعة لشئون خدمة المجتمع وتنمية البيئة والأستاذ الدكتور ثابت عبدالمنعم رئيس مركز الدراسات والبحوث البيئية بالجامعة والدكتورة اسماء عبدالعزيز مسئول بإدارة مكافحة العدوى بالمستشفيات الجامعية ، وذلك للوقوف على إمكانية زيادة المقرات لتوفير التطعيمات خلال الفترة المقبلة لمنتسبي جامعة أسيوط من أعضاء هيئة التدريس والأطقم الطبية وهيئة التمريض والعاملين والطلاب .وخلال جولتهم التفقدية لمقرات التطعيم بالمستشفيات الجامعية ، وبمرافقة الأستاذ الدكتور شريف كامل مدير مستشفى الراجحي للكبد والاستاذ الدكتور أحمد فائق مدير مستشفى صحة المرأة ، صرح الدكتور علاء عطية أن المستشفيات الجامعية على أتم الاستعداد لإتاحة عدداً من الأماكن المختلفة لكي يتمكن الجميع من تلقي اللقاح ومن بينهم عيادة تطيعم بمستشفى صحة المرأة وأخرى بمستشفى الراجحي بالاضافة إلى مقر بمستشفى الاطفال وكذلك مستشفى القلب ، إلى جانب المقرات الموجودة بعيادة علاج الاورام وحدة علاج أعضاء هيئة التدريس بالمستشفى الرئيسي.وأضاف الدكتور إيهاب فوزي أن المستشفيات الجامعية بإمكانيتها قادرة على الانتهاء من تطعيم كافة الفئات قبل بداية العام الدراسى ، بدءاً من يوم الأحد الموافق 5 من شهر سبتمبر الجاري وطوال أيام الأسبوع ، وذكر بأن المقرات مجهزة بفرق طبية وأطقم تمريض وأحد مسؤلي مكافحة العدوي ، كما يوجد بكل مقر مكان مخصص لتسجيل البيانات تيسيراً على المواطنين،  وأشار أن المستشفيات الجامعية استقبلت دفعة جديدة من اللقاحات بالتنسيق مع مديرية الصحة بأسيوط.ومن جانبه اقترح الدكتور شحاته غريب بأهمية الاستعانة بطلاب الامتياز بكلية التمريض لضمان الانتهاء من تلقي التطيعمات خلال الشهر الحالى.في حين أشارت الدكتورة مها غانم إلى وجود مقرات إضافية بالكليات الخارجة عن الحرم الجامعي وذلك بكلية الآداب والخدمة الإجتماعية والتربية النوعية بجانب المقرات الموجودة بالفعل داخل الجامعة .', NULL, 2),
(14, '2021-08-31', 'داخل مستشفيات جامعة أسيوط: أ.د/ علاء عطية:توفير الرعاية الطبية الكاملة لجميع المصابين بالمستشفيات الجامعية أ.د/إيهاب فوزي:32حالة متواجدة إلى الآن داخل المستشفيات مع استمرار تطبيق الاجراءات الوقائية اللازمة', 'أعلن الأستاذ الدكتور علاء عطية عميد كلية الطب ورئيس مجلس إدارة المستشفيات الجامعية اليوم عن خروج 959 متعافيًا من فيروس كورونا من مستشفيات جامعة أسيوط، وذلك بعد تلقيهم الرعاية الطبية اللازمة وتمام شفائهم منذ بداية هذا العام. وذكرأنه تم تخصيص العنايات المركزة والمتوسطة بالطابقين السادس والسابع بالمستشفى الجامعى الرئيسي إلى جانب 15 سرير بمستشفى الأطفال الجامعى وذلك كمرحلة أولى \r\nوصرح الأستاذ الدكتور إيهاب فوزي المدير التنفيذي للمستشفيات الجامعية، وجود 28 حالة بالمستشفى الرئيسي من بينهم 16 حالة مستقرة و6 حالات داخل العنايات المركزة و 6 حالات على أجهزة التنفس الصناعي ، بينما الحالات بمستشفى الأطفال والتى مازالت تخضع للعلاج وصل عددهم إلى 4 حالات وبحالة مستقرة ، ليصبح إجمالى الحالات المتواجدة بالمستشفيات الجامعية 32 حالة ، كما أكد على الاستعداد الكامل لمستشفيات جامعة أسيوط لاستيعاب أية زيادة محتملة فى اعداد المصابين\r\nوصرحت الاستاذة الدكتورة عزة محمود رئيس قسم الباثولوجي الإكلنيكي بالمستشفى الجامعي الرئيسي أنه تم رصد33 حالة جديدة ثبتت إيجابية 10 حالات منهم تم تحليلها بمعمل المناعة الاكلينكية بالمستشفى الجامعي الرئيسي، وذلك ضمن إجراءات الترصد والتقصي والفحوصات اللازمة التي تُجريها مستشفيات جامعة أسيوط\r\nوأضاف الدكتور إيهاب فوزي تواصل المستشفيات الجامعية رفع استعداداتها بجميع أماكنها، ومتابعة الموقف أولاً بأول بشأن فيروس \"كورونا المستجد\"، واتخاذ كافة الإجراءات الوقائية اللازمة ضد أي فيروسات أو أمراض معدية ، مع الاستمرار في إمكانية تلقي جرعات اللقاح المختلفة ضد فيروس كورونا لكافة المواطنين داخل المستشفى الجامعي الرئيسي', NULL, 2),
(15, '2021-08-30', 'احصائيات كورونا اليوم30/8/2021', NULL, NULL, 2),
(16, '2021-08-29', 'احصائيات كورونا اليوم29/8/2021', NULL, NULL, 2),
(17, '2021-08-28', 'احصائيات كورونا السبت 28 اغسطس', NULL, NULL, 2),
(18, '2021-08-27', 'احصائيات كورونا السبت 27 اغسطس', NULL, NULL, 2),
(19, '2021-08-25', 'احصائيات كورونا اليوم25/8/2021', NULL, NULL, 2),
(20, '2021-09-22', 'مناقشة رسالة ماجستير للطبيب / مينا إسحق توفيق الطبيب المقيم بمستشفى صحة المرأة', NULL, NULL, 3),
(21, '2021-09-21', 'الدورات التدريبية الثانية على مستوى العالم لمجموعة من العمليات المبتكره بجامعة أسيوط', NULL, NULL, 3),
(22, '2021-09-19', 'مناقشة رسالة ماجستير للطبيبة / اسراء جمال عبد الناصر الأثنين الموافق 20 سبتمبر', NULL, NULL, 3),
(23, '2021-09-16', 'مناقشه رساله. دكتوراه الطبيب / كريم سيد عبد الحميد', NULL, NULL, 3),
(24, '2021-09-12', 'مناقشات علميه', NULL, NULL, 3),
(25, '2021-09-06', 'استمرار تطعيم منتسبي جامعه اسيوط بلقاح فيروس كورونا داخل عيادات ومقرات المستشفيات الجامعيه', 'تحت رعاية الدكتور /طارق الجمال رئيس جامعة اسيوط والدكتور/ مها غانم نائب رئيس الجامعة لشئون خدمة المجتمع وتنمية البيئة والدكتور / علاء عطيه عميد كليه الطب ورئيس مجلس إدارة المستشفيات الجامعيه والدكتور/ايهاب فوزي المدير التنفيذي للمستشفيات الجامعية\r\nتستمر مستشفيات جامعة أسيوط في تطعيم جميع العاملين بها يأتي ذلك حرصا علي سير العمل بصورة آمنة\r\nوقد أشار الدكتور إيهاب فوزي انه تم اضافه عده اماكن لتلقي اللقاحات صد فيروس كورونا بمستشفيات جامعة أسيوط  وهم عياده بقسم علاج الاورام واخري بوحده علاج أعضاء هيئه التدريس بالمستشفي الرئيسي بالاضافه الي عياده بمستشفي صحه المراه وعياده بمستشفى الراجحي\r\nوذلك في إطار توجيهات الدولة لحماية المواطنين من مخاطر وباء كورونا وحرصا على صحة العاملين وتقليل نسبه الاصابه بينهم\r\n', NULL, 3),
(26, '2021-09-06', 'مناقشات علميه', NULL, NULL, 3),
(27, '2021-08-23', 'افتتاح عيادات الجامعة للتأمين الصحي بمستشفيات جامعة أسيوط', 'في إطار تطوير الخدمات العلاجية للعاملين بجامعة أسيوط ، وتيسيرها على المنتفعين بها ، اختتمت المستشفى الجامعي الرئيسي التجهيزات النهائية لافتتاح عيادات التأمين الصحي ليضاف إلى رصيد انجازات مستشفيات جامعة أسيوط ، وقد أعلن الأستاذ الدكتور طارق الجمال رئيس جامعة أسيوط من قبل عن البدء في إجراءات تخصيص مقرات داخل المستشفيات الجامعية وتجهيزها كعيادة متخصصة فرعية تابعة لهيئة التأمين الصحي لاستقبال الحالات المرضية من العاملين بالجامعة وتقديم الخدمة الطبية لهم ، موضحاً أن ذلك يتم بالتنسيق مع الدكتور أيمن منصور أبو زيد مدير عام فرع وسط الصعيد لهيئة التأمين الصحي ، وبالتنسيق مع الأستاذ الدكتور علاء عطية عميد كلية الطب ورئيس مجلس إدارة المستشفيات الجامعية الذي  أكد على بدء العمل بنظام التأمين الصحي من خلال عيادات متخصصة فرعية داخل المستشفى الجامعي الرئيسي \r\n\r\nوافتتح الأستاذ الدكتور إيهاب فوزي المدير التنفيذي للمستشفيات الجامعية اليوم الأثنين المواق 23 أغسطس 2021 العيادات المتخصصة لاستقبال الحالات وتابع مسيرة الخدمة الطبية المقدمة ، والتي من المقرر أن تخدم نحو 28 ألف موظف مشترك بخدمات التأمين الصحي\r\n\r\nوصرح الدكتور إيهاب فوزي أنه تم توفير أيضاً صيدلية لصرف الأدوية المخصصة والمقررة للعاملين من هيئة التأمين الصحي تيسيراً عليهم، وحرصاً على تطوير الخدمات الصحية المقدمة لهم تحت مظلة التأمين الصحي.وأضاف الدكتور إيهاب فوزي أن هذه العيادات تشمل العديد من  التخصصات الطبية \" كالجراحة العامة والمسالك البولية والباطنة والرمد والنساء والتوليد وغيرها \"ومن الجدير بالذكر عيادة الجامعة للتأمين الصحي ستتيح الفرصة لقبول التحويلات المختلفة من المعامل والأشعة', NULL, 4),
(28, '2021-08-20', 'المدير التنفيذي لمستشفيات جامعة أسيوط: بروتوكول تعاون مع مديرية الصحة لتلقي أسر العاملين بالمستشفيات الجامعية ومرافقي المرضى لقاح كورونا', 'في ضوء الدور الخدمي والمجتمعي لمستشفيات جامعة أسيوط  وضمن الخطة المتبعة من قبل إدارة المستشفيات الجامعية لتطبيق الإجراءات الاحترازية والوقائية للحد من انتقال فيروس كورونا ، وبإشراف من الأستاذ الدكتور علاء عطية عميد كلية الطب ورئيس مجلس إدارة المستشفيات الجامعية ، استقبل الأستاذ الدكتور ايهاب فوزي المدير التنفيذي للمستشفيات الجامعية كل من الأستاذ الدكتور ثابت عبد المنعم مدير مركز الدراسات و البحوث البيئية بجامعة أسيوط والدكتورة ماريان عجايبى مدير إدارة غرب الصحية بأسيوط والدكتورة اسماء عبدالعزيز الدروي والدكتور إيهاب عبدالراضي  ضمن فريق إدارة مكافحة العدوى بالمستشفيات الجامعية .وصرح الدكتور ايهاب فوزي انه تم توفير مقر عيادة التطعيمات الموجودة بقسم علاج الاورام بالمستشفى الجامعي الرئيسي لتلقي التطعيمات المخصصة ضد فيروس كورونا ابتداءاً من الأسبوع المقبل، وجاء ذلك ضمن بروتوكول تعاون بين مستشفيات جامعة أسيوط ووزارة الصحة والمتمثلة في مديرية الصحة بأسيوط (إدارة غرب) ، مضيفاً ان جرعات التطعيم متوفرة للسادة أعضاء هيئة التدريس وذويهم والعاملين بجامعة أسيوط ومستشفياتها (من أطباء وتمريض و موظفين وعمال ) وذويهم ،وذلك تيسيراً لمن يرغب في أخذ التطعيمات كخدمة متاحة داخل أماكن عملهم ، وأيضاً تشمل الخدمة تطعيم مرافقي المرضى . وذكرت الدكتورة ماريان عجايبي أن هذا التعاون خطوة هامة لزيادة حث المواطنين العاملين بجامعة أسيوط وذويهم على أخذ الجرعات المخصصة لمواجهة فيروس كورونا، وأنه سيكون هناك تنسيق مع مديرية الصحة والمستشفيات الجامعية لتقديم هذه الخدمة بشكل منظم وبسهولة كحملة من الحملات الصحية ، كما وضحت أن أهم الاجراءات المتبعة للحصول على التطعيم تتمثل في التسجيل الالكتروني للشخص المتقدم كخطوة أولى ثم يتم ملء استمارة (الموافقة المستنيرة) داخل العيادة المخصصة للتطعيم للتأكد من الصحة العامة للمتقدم وعدم وجود أى موانع صحية تعيقه من أخذ الجرعة اللازمة.كما أشاد الدكتور إيهاب فوزي بالتعاون الفعال الجهد المبذول والذي يتم بالتنسيق مع مديرية الصحة بأسيوط و الذي تأتى ضمن توجيهات السيد عبدالفتاح السيسي رئيس الجمهورية ا للحفاظ على سلامة الأفراد و توفير بيئة صحية آمنة.والجدير بالذكر أنه يتم العمل بالتنسيق مع  إدارة مكافحة العدوى بقيادة الأستاذ الدكتورة هبة راشد مدير إدارة مكافحة العدوى بالمستشفيات الجامعية', NULL, 4),
(29, '2019-02-10', 'أولوية قصوى لمريض الطوارئ والحالات الحرجة', 'وأكد الدكتور طارق الجمال رئيس جامعة أسيوط على ضرورة تكاتف الجهود وتنسيق العمل داخل كافة مستشفيات أسيوط الجامعية والمتخصصة وذلك لتلبية احتياجات الكثافة المتزايدة من المترددين على مختلف الأقسام الطبية مع الحفاظ على مستوى الخدمة الطبية المقدمة .\r\nجاء ذلك خلال ترأس رئيس جامعة أسيوط لاجتماع مجلس مستشفيات أسيوط الجامعية وذلك بحضور الدكتور حسن عبد اللطيف نائب رئيس مجلس إدارة مستشفيات أسيوط الجامعية والسادة وكلاء كلية الطب لمختلف القطاعات وكافة مديرو مستشفيات جامعة أسيوط .\r\nوقد شدد الدكتور طارق الجمال خلال الاجتماع على وضع مرضى الطوارئ والحالات الحرجة على أولويات العمل داخل المستشفيات الجامعية بأسيوط وما تستقبله من حالات دقيقة ومعقدة وهو ما يُعد أهم ركائز نجاح المنظومة الطبية بجامعة أسيوط ، مع المتابعة المتواصلة لسير العمل داخل المستشفيات الجامعية على مدار 24 ساعة لضمان التأكد من انتظام الخدمة ودقة سيرها .\r\nوقد كشف الدكتور طارق الجمال عن موافقة المجلس المبدئية عن الاقتراح المقدم بشأن دعم دخل شباب الأطباء من النواب والأخصائيين بنسبة شهرية من صندوق الخدمة التابع للمستشفيات الجامعية ، مشيراً إلى أن الاجتماع شمل كذلك مناقشة بعض الأمور والنقاط المالية والإدارية الأخرى المدرجة على جدول أعمال المجلس .', NULL, 4),
(30, '2019-01-30', 'زيارة رئيس الجامعة لمستشفى أم القصور الجامعى', 'فى إطار توجيهات السيد رئيس الجمهورية عبد الفتاح السيسى - نحو تطوير منظومة الرعاية الصحية والعلاجية بهدف التخفيف عن معاناة المواطن المصرى والإنطلاق بالخدمات الصحية والعلاجية نحو المستويات العالمية والسياسة الصحية نحو إلغاء قوائم الإنتظار .\r\n\r\nوفى إطار منظومة التطوير للسيد الاستاذ الدكتور / طارق عبدالله مرسى الجمال - رئيس جامعة اسيوط  ورئيس مجلس إدارة المستشفيات الجامعية والمشرف العام على كلية الطب -  بشأن تطوير منظومة الخدمات الطبية والعلاجية بمستشفيات جامعة اسيوط .\r\n\r\nقام السيد الأستاذ الدكتور / طارق عبدالله مرسى الجمال - رئيس جامعة أسيوط يرافقه السيد الأستاذ الدكتور / حسن عبداللطيف ابوالعلا – نائب رئيس مجلس إدارة المستشفيات الجامعية والسيد الدكتور / على محمد عبدالعليم - رئيس الإدارة المركزية للشئون الطبية والعلاجية والسيد الأستاذ / سيد إبراهيم مرسى - رئيس الإدارة المركزية للأمانة العامة والسيدة الاستاذة الدكتورة / عفت عبدالهادى - رئيس أقسام الكلى الصناعى لجامعة اسيوط والسيد الاستاذ / محمد عطية - مدير عام التوجيه المالى والإدارى بمستشفى جامعة اسيوط الرئيسى والسيدة الدكتورة / صباح أنور رجب - مدير عام التمريض لمستشفيات جامعة أسيوط بزيارة مستشفى أم القصور الجامعى أحد مستشفيات جامعة أسيوط وذلك لمتابعة خطة تطوير منظومة الخدمات الطبية والعلاجية بمستشفيات جامعة اسيوط .\r\n\r\nحيث أشار السيد رئيس الجامعة إلى ان المستشفى تعد نموذجاً لتكامل الجهود بين أهل الخير والمؤسسات الحكومية حيث تم إنشائها سنة 2007م وتم العمل بها سنة 2009م حيث جاءت تبرعاً من رجل الأعمال حسين عبدالنبى لخدمة المنطقة وتم صدور قرار ضم المستشفى إلى الجامعة بتاريخ رقم 869 لسنة 2010م .\r\n\r\n كما أعلن السيد ؤئيس الجامعة عن البدء فى إتخاذ الإجراءات اللازمة لزيادة الطاقة الإستيعابية بمستشفى أم القصور الجامعى بما يقرب ثلاثة أضعاف المتاح حالياً لتصل إلى 74 جهاز بدلاً من 27 جهاز وذلك لخدمة مرضى الغسيل الكلوى فى كافة منطقة شمال المحافظة وذلك تنفيذاً للتوجيهات الرئاسية الصادرة من الرئيس عبد الفتاح السيسى رئيس الجمهورية إلى كافة المؤسسات الطبية والصحية فى مصر بالعمل على رفع مستوى الخدمة الصحية المقدمة لعلاج أمراض الكلى ورعايتهم طبياً .\r\n\r\nوأشاد الدكتور طارق الجمال خلال جولته بكفاءة البنية التحتية للمستشفى وإحتوائها على ثلاث محطات لتنقية المياه لدعم العمل بوحدات الغسيل الكلوى بالمستشفى والتى جاءت أحدهما تبرع من مؤسسة مصر الخير بقيمة (265 ألف جنيه) وتعمل هذه المحطة الأولى بقدرة 40 جهاز تقريباً وأما المحطة الثانية والثالثة معاً تعمل بقدرة 40 جهاز تقريباً\r\n\r\nإلى جانب اشتمالها على عدد ( 16 ) عيادات تغطى كافة التخصصات الطبية اللازمة لإجراء الفحص الطبى وتقديم خدمة علاجية للمواطنين ومنها على سبيل المثال لا الحصر عيادة القلب التى تحتوى على جهاز الإيكو لرسم القلب وعيادة الأسنان التى بها أجهزة متقدمة .\r\n\r\nوعن إنجازات المستشفى خلال عام 2018م أوضحت السيدة الدكتورة فاطمة كيلانى - مدير مستشفى أم القصور الجامعى إنه تم إستقبال أكثر من 5140 حالة من المترددين على مختلف العيادات الخارجية بشتى تخصصاتها إلى جانب قامت وحدة الكلى باستقبال 1170 مريض وقامت بإجراء 11564 جلسة غسيل كلوى إلى جانب إجراء 100 حالة منظار ، و64 عملية ، و2256 حالة تحاليل ، و3196 حالة أشعة إلى جانب بعض الأنشطة الخاصة بتنظيم دورات تدريبية والمشاركة فى برامج جودة وفتح عيادة جديدة لأمراض الدم إلى جانب وحدة لخدمة المواطنين .\r\n\r\nلذلك تتقدم إدارة المستشفى متمثلة فى السيدة الدكتورة / فاطمة محمد عثمان كيلانى مدير مستشفى ام القصور الجامعى والسيد الاستاذ / محمد شاكر عبد الحميد مدير عام الشئون المالية والإدارية بمستشفى ام القصور الجامعى بأسمى اّيات الشكر والعرفان للسيد أ.د/ رئيس جامعة اسيوط ورئيس مجلس إدارة المستشفيات الجامعية والسيد أ.د/ نائب رئيس مجلس إدارة المستشفيات الجامعية والسادة المرافقين الأفاضل على دعمهم المستمر والبناء من المؤسسات الصحسة بالقطاع الجامعى والقطاع الصحى للنهوض بالمنظومة الصحية .', NULL, 4),
(31, '2019-01-17', 'عزاء', '__إنا لله وإنا إليه راجعون__\r\n:توفى إلى رحمة الله تعالى\r\n  والد السيد الدكتور /مصطفى محمد كامل أمين\r\n    ولا أراكم الله مكروهاً فى عزيز لديكم', NULL, 4),
(32, '2019-01-16', 'عزاء\r\n\r\n', '___إنا لله وإنا إليه راجعون___\r\nتوفى إلى رحمة الله تعالى\r\n\r\n  عم السيد الأستاذ الفاضل/محمد شاكر عبدالحميد\r\n\r\n  مدير عام الشئون المالية والإدارية بمستشفى أم القصور الجامعى\r\n\r\n      ولا أراكم الله مكروهاً فى عزيز لديكم', NULL, 4),
(33, '2018-10-16', 'تطوير المعمل الباثولوجى المتكامل الخاص بمستشفى ام القصور الجامعى', 'بناءاً على خطة تطوير المستشفيات الجامعية وبتوجيهات السيد الاستاذ الدكتور / احمد المنشاوى عميد كلية الطب ورئيس مجلس إدارة المستشفيات الجامعية بأسيوط.\r\n\r\nفقد تم تطوير المعمل الكيميائى الخاص بمستشفى أم القصور الجامعى وذلك بإضافة بعض التحاليل الطبية الهامة لمرضى الغسيل الكلوى الصناعى والعيادات الخارجية وهى : تحليل الفيروسات الكبدية وجميع انواع تحاليل الكيمياء والباراستولوجى والهيماتولوجى والسيرولوجى لإثبات أدق النتائج بأحدث الأجهزة الطبية على أيدى أطباء متخصصين .', NULL, 4),
(34, '2018-10-03', 'زيارة ثانية هامة لمستشفى أم القصور الجامعى', 'فى إطار توجيهات السيد الرئيس عبدالفتاح السيسى نحو تطوير منظومة الرعاية الصحية والعلاجية بهدف التخفيف عن معاناة المواطن المصرى والإنطلاق بالخدمات الصحية والعلاجية نحو المستويات العالمية .\r\n\r\nوفى إطار الخطة العامة للسيد الاستاذ الدكتور / طارق عبدالله مرسى الجمال رئيس جامعة اسيوط  والسيد الاستاذ الدكتور / احمد محمد كمال المنشاوى رئيس مجلس إدارة المستشفيات الجامعية وعميد كلية الطب  بشأن تطوير منظومة الخدمات الطبية والعلاجية بمستشفيات جامعة اسيوط .\r\n\r\nقام السيد الأستاذ الدكتور / حسن عبداللطيف نائب   رئيس مجلس إدارة المستشفيات الجامعية يرافقه السيد الدكتور / على عبدالعليم    رئيس الإدارة المركزية للشئون الطبية والعلاجية والسيدة الاستاذة الدكتورة / عفت عبدالهادى   رئيس قسم الكلى الصناعى بمستشفى اسيوط الرئيسى والسيد الاستاذ / محمد عطية    مدير عام التوجيه المالى والإدارى بمستشفى جامعة اسيوط الرئيسى بالزيارة الثانية لمستشفى أم القصور الجامعى وذلك لمتابعة خطة تطوير منظومة الخدمات الطبية والعلاجية بمستشفيات جامعة اسيوط حيث قام سيادته فى زيارته الاولى بتفعيل وتنشيط وحدة المناظير التشخيصية وذلك بتوفير التقنيات الحديثة والكوادر الطبية المتخصصة والطواقم الفنية المساعدة حيث ترتب على ذلك استقبال عدد من الحالات خلال الخمسة شهور التى تمثل الفارق الزمنى بين الزيارة الاولى والزيارة الثانية وكذلك تفعيل وتنشيط وحدة العمليات الجراحية من خلال توفير الاحتياجات اللازمة من الاجهزة والمعدات الطبية وكذلك الكوادر الطبية والخدمية  المدربة على اعلى مستوى حيث تم اجراء عدد من الحالات الجراحية خلال نفس الفترة المشار إليها .\r\n\r\n  كما تفقد سيادته العمل بالعيادات الخارجية والتأكد من تواجد السادة الأطباء ومدى إستعدادهم لتقديم الرعاية الطبية والعلاجية للمترددين على المستشفى والعمل على تطوير امكانيات العيادات وذلك من خلال توفير الاجهزة الطبية اللازمة .\r\n\r\nوبعد أن استعرض السيد الأستاذ الدكتور / حسن عبداللطيف ما اسفرت عنه زيارته الأولى وما تحقق من اهداف بإدارة واشراف السيدة الدكتورة / فاطمة محمد عثمان كيلانى مدير مستشفى ام القصور الجامعى  والسيد الاستاذ / محمد شاكر عبد الحميد مراقب عام مستشفى ام القصور الجامعى واستماعه للمشاكل التى تواجه المستشفى من كثرة انقطاع التيار الكهربائى وعدم استكمال الهيكل الإدارى للمستشفى وقلة الإعتمادات المالية فقد وعد سيادته بحل جميع المشكلات قبل نهاية العام المالى 2018/2019 .\r\n\r\nوفى نهاية زيارته أصدر تعليماته بتطوير وحدة الكلى الصناعية بإضافة عدد خمس أجهزة غسيل كلوى لزيادة القدرة الإستعابية لمستشفى ام القصور الجامعى وتخفيف معاناة الإنتقال لمرضى الغسيل الكلوى .\r\n\r\nلذلك تتقدم إدارة المستشفى متمثلة فى السيدة الدكتورة / فاطمة محمد عثمان كيلانى مدير مستشفى ام القصور الجامعى  والسيد الاستاذ / محمد شاكر عبد الحميد مراقب عام مستشفى ام القصور الجامعى بأسمى اّيات الشكر والعرفان للسيد أ.د/ رئيس جامعة اسيوط والسيد أ.د/ رئيس مجلس إدارة المستشفيات الجامعية والسيد أ.د/ نائب رئيس مجلس إدارة المستشفيات الجامعية والسادة المرافقين الأفاضل .', NULL, 4),
(35, '2018-07-01', 'إعلان هام بوحدة أمراض الدم', 'سيتم بمشيئة الله تعالى إفتتاح عيادة أمراض الدم بمستشفى أسيوط الجامعى بأم القصور وذلك يوم الآحد من كل أسبوع بداية من شهر يوليو القادم 2018م . \r\n\r\nمع التمنيات بالشفاء العاجل لكل المرضى .\r\n\r\n رئيس وحدة أمراض الدم والمناعة                                      مدير مستشفى ام القصور الجامعى\r\n\r\n                   أ.د/ هويدا عبدالحكيم                                                 د/ فاطمة محمد عثمان كيلانى        ', NULL, 4),
(36, '2021-09-06', 'استمرار تطعيم منتسبي جامعه اسيوط بلقاح فيروس كورونا داخل عيادات ومقرات المستشفيات الجامعيه', 'تحت رعاية الدكتور /طارق الجمال رئيس جامعة اسيوط والدكتور/ مها غانم نائب رئيس الجامعة لشئون خدمة المجتمع وتنمية البيئة والدكتور / علاء عطيه عميد كليه الطب ورئيس مجلس إدارة المستشفيات الجامعيه والدكتور/ايهاب فوزي المدير التنفيذي للمستشفيات الجامعية\r\nتستمر مستشفيات جامعة أسيوط في تطعيم جميع العاملين بها يأتي ذلك حرصا علي سير العمل بصورة آمنة\r\nوقد أشار الدكتور إيهاب فوزي انه تم اضافه عده اماكن لتلقي اللقاحات صد فيروس كورونا بمستشفيات جامعة أسيوط  وهم عياده بقسم علاج الاورام واخري بوحده علاج أعضاء هيئه التدريس بالمستشفي الرئيسي بالاضافه الي عياده بمستشفي صحه المراه وعياده بمستشفى الراجحي\r\nوذلك في إطار توجيهات الدولة لحماية المواطنين من مخاطر وباء كورونا وحرصا على صحة العاملين وتقليل نسبه الاصابه بينهم', NULL, 5),
(37, '2021-09-02', 'مستشفيات جامعة أسيوط :4 مقرات جديدة لتلقي لقاح كورونا', 'في إطار دور مستشفيات جامعة أسيوط الخدمي والمجتمعي في مكافحة انتشار فيروس كورونا ، استقبل الاستاذ الدكتور علاء عطية عميد كلية الطب ورئيس مجلس إدارة المستشفيات الجامعية والاستاذ الدكتور إيهاب فوزي المدير التنفيذي للمستشفيات الجامعية الأستاذ الدكتور شحاتة غريب نائب رئيس جامعة أسيوط لشئون التعليم والطلاب والاستاذ الدكتور مها غانم نائب رئيس الجامعة لشئون خدمة المجتمع وتنمية البيئة والأستاذ الدكتور ثابت عبدالمنعم رئيس مركز الدراسات والبحوث البيئية بالجامعة والدكتورة اسماء عبدالعزيز مسئول بإدارة مكافحة العدوى بالمستشفيات الجامعية ، وذلك للوقوف على إمكانية زيادة المقرات لتوفير التطعيمات خلال الفترة المقبلة لمنتسبي جامعة أسيوط من أعضاء هيئة التدريس والأطقم الطبية وهيئة التمريض والعاملين والطلاب .وخلال جولتهم التفقدية لمقرات التطعيم بالمستشفيات الجامعية ، وبمرافقة الأستاذ الدكتور شريف كامل مدير مستشفى الراجحي للكبد والاستاذ الدكتور أحمد فائق مدير مستشفى صحة المرأة ، صرح الدكتور علاء عطية أن المستشفيات الجامعية على أتم الاستعداد لإتاحة عدداً من الأماكن المختلفة لكي يتمكن الجميع من تلقي اللقاح ومن بينهم عيادة تطيعم بمستشفى صحة المرأة وأخرى بمستشفى الراجحي بالاضافة إلى مقر بمستشفى الاطفال وكذلك مستشفى القلب ، إلى جانب المقرات الموجودة بعيادة علاج الاورام وحدة علاج أعضاء هيئة التدريس بالمستشفى الرئيسي.وأضاف الدكتور إيهاب فوزي أن المستشفيات الجامعية بإمكانيتها قادرة على الانتهاء من تطعيم كافة الفئات قبل بداية العام الدراسى ، بدءاً من يوم الأحد الموافق 5 من شهر سبتمبر الجاري وطوال أيام الأسبوع ، وذكر بأن المقرات مجهزة بفرق طبية وأطقم تمريض وأحد مسؤلي مكافحة العدوي ، كما يوجد بكل مقر مكان مخصص لتسجيل البيانات تيسيراً على المواطنين،  وأشار أن المستشفيات الجامعية استقبلت دفعة جديدة من اللقاحات بالتنسيق مع مديرية الصحة بأسيوط.ومن جانبه اقترح الدكتور شحاته غريب بأهمية الاستعانة بطلاب الامتياز بكلية التمريض لضمان الانتهاء من تلقي التطيعمات خلال الشهر الحالى.في حين أشارت الدكتورة مها غانم إلى وجود مقرات إضافية بالكليات الخارجة عن الحرم الجامعي وذلك بكلية الآداب والخدمة الإجتماعية والتربية النوعية بجانب المقرات الموجودة بالفعل داخل الجامعة .', NULL, 5),
(38, '2021-08-31', 'تطوير وحده مناظير بمستشفى الراجحي للكبد بجامعه أسيوط', 'في إطار أعمال التطوير الجارية بالمستشفيات جامعة أسيوط واستمراراً للإنجازات التي تتحقق على أرض الواقع في القطاع الصحي والطبي تم تطوير وحدة المناظير بمستشفى الراجحي الجامعي للكبد تحت رعاية  الاستاذ  الدكتور  علاء عطيبة عميد كلية الطب ورئيس مجلس ادارة المستشفيات الجامعية  والاستاذ الدكتور ايهاب فوزي المدير التنفيذي  للمستشفيات الجامعية والاستاذ الدكتور شريف كامل مدير مستشفى الراجحي   والدكتور محمد ابو زيد  مدير وحدة المناظير بالمستشفى .  وأوضح الاستاذ الدكتور علاء عطية ان التطوير بوحدة المناظير جاءت استكمالا لدور مستشفيات جامعة اسيوط الرائد في تحسين الخدمات الطبية والصحية وأشار الدكتور ايهاب فوزي  إلى أنه منذ افتتاح  الوحده جرى استقبال وفحص الحالات المرضية المترددة على المستشفى والعيادات الخارجية بها، وكذا مباشرة ومناظرة الحالات وإجراء المناظير لبعض الحالات في وجود لفيف من الأطباء وطاقم التمريض المعاون والمتدرب بكفاءة عالية.  وأضاف  ادكتور شريف كامل  أن وحدة المناظير تتيح أعلى درجات الدقة في التشخيص وتعد من أكبر الوحدات على مستوى الجمهورية  ولها دور متميز في تقديم الخدمة الطبية  لمرضى  صعيد مصر  وتدريب كوادر الاطباء من داخل وخارج  نطاق المستشفيات الجامعية.', NULL, 5),
(39, '2021-08-26', 'رئيس المكتب الثقافي الكويتي يزور مستشفيات جامعه اسيوط ويشيد بتميزها', 'أشاد الدكتور أحمد رشيد المطيري بالمستشفيات الجامعيه مشيراً إلي ماتتميز به من مستوي علمي متقدم جعلها تأخذ مكانتها علي الصعيد الإقليمي والدولي تحت رعاية الأستاذ الدكتور طارق الجمال رئيس جامعه أسيوط\r\n\r\nوقال المطيري خلال زيارته لمستشفي القلب والراجحي ولقاءه بالأستاذ الدكتور علاء عطيه عميد كليه الطب ورئيس مجلس اداره المستشفيات الجامعيه والأستاذ الدكتور إيهاب فوزي المدير التنفيذي للمستشفيات الجامعيه أن الزياره تأتي في اطار بحث أوجه التعاون المشترك بين البلدين من خلال توفير الفرص التعليمية للطلاب من دولة الكويت للدراسة في كلية الطب والتدريب بالمستشفيات الجامعية\r\n\r\n وصرح كل من الدكتورعلاء عطية والدكتور إيهاب فوزي بأن كلية الطب والمستشفيات الجامعية دائماً ما تتيح الفرص للأخوة العرب لتبادل الخبرات والمعلومات في كافة المجالات، خاصة أن المستشفيات الجامعية تتمتع بسمعة جيدة لديهم، كما أكدوا أنهم سيحرصوا على تذليل كافة العقبات ليتمكن الطلبه من تحقيق الاستفادة القصوى خلال دراستهم\r\n\r\nوشكر الدكتور المطيري رئاسة جامعه أسيوط اهتمامها بالطلاب الكويتين، كما وجه الشكر للأستاذ الدكتور علاء عطيه والأستاذ الدكتور إيهاب فوزي مشيداً بمستوي الخدمات الصحيه بمستشفي الراجحي الجامعي للكبد ومستشفي القلب الجامعي', NULL, 5),
(40, '2021-08-24', 'خلال الجولة التفقدية لمستشفى الراجحي الجامعي: المدير التنفيذي للمستشفيات الجامعية: حلول عاجلة لإنهاء قوائم الانتظار', 'تفقد الاستاذ الدكتور إيهاب فوزي المدير التنفيذي للمستشفيات الجامعية مستشفى الراجحي للكبد الجامعي ،حيث ألتقى مع الأستاذ الدكتور شريف كامل مدير مستشفى الراجحي للكبد الجامعي ، والاستاذ الدكتور بشير ابو السعود فاض نائب مدير المستشفى لشؤون الجوده والاعتماد  والاستاذ الدكتور محمد أبو زيد علي نائب مدير المستشفى للشؤون الطبيه والعلاجيه.\r\n\r\nتأتي جولة الدكتور إيهاب فوزي لبحث العديد من الفعاليات والانجازات التي تمت بالمستشفى خلال الفتره الماضيه، بالإضافة الي مناقشة إشكالية ضرورة الانتهاء من قوائم انتظار المرضى الذين يحتاجون إلى تدخلات طبية وجراحية ملحة قد تكون عاجلة أو طارئة ، وأصبحت من الأهداف الآنية لمستشفى الراجحي الجامعي.\r\n\r\nوذلك في إطار مبادرة السيد عبدالفتاح السيسي رئيس الجمهورية لانهاء ومنع قوائم الانتظار للعمليات الجراحية وتخفيف المعاناة عن المرضى ، ومناقشة تنفيذ الإجراءات من خلال منظومة إلكترونية والتواصل مع المريض.\r\n\r\n ', NULL, 5),
(41, '2021-08-23', 'اليـــــــــــوم .... افتتاح عيادات الجامعة للتأمين الصحي بمستشفيات جامعة أسيوط', 'في إطار تطوير الخدمات العلاجية للعاملين بجامعة أسيوط ، وتيسيرها على المنتفعين بها ، اختتمت المستشفى الجامعي الرئيسي التجهيزات النهائية لافتتاح عيادات التأمين الصحي ليضاف إلى رصيد انجازات مستشفيات جامعة أسيوط ، وقد أعلن الأستاذ الدكتور طارق الجمال رئيس جامعة أسيوط من قبل عن البدء في إجراءات تخصيص مقرات داخل المستشفيات الجامعية وتجهيزها كعيادة متخصصة فرعية تابعة لهيئة التأمين الصحي لاستقبال الحالات المرضية من العاملين بالجامعة وتقديم الخدمة الطبية لهم ، موضحاً أن ذلك يتم بالتنسيق مع الدكتور أيمن منصور أبو زيد مدير عام فرع وسط الصعيد لهيئة التأمين الصحي ، وبالتنسيق مع الأستاذ الدكتور علاء عطية عميد كلية الطب ورئيس مجلس إدارة المستشفيات الجامعية الذي  أكد على بدء العمل بنظام التأمين الصحي من خلال عيادات متخصصة فرعية داخل المستشفى الجامعي الرئيسي \r\n\r\nوافتتح الأستاذ الدكتور إيهاب فوزي المدير التنفيذي للمستشفيات الجامعية اليوم الأثنين المواق 23 أغسطس 2021 العيادات المتخصصة لاستقبال الحالات وتابع مسيرة الخدمة الطبية المقدمة ، والتي من المقرر أن تخدم نحو 28 ألف موظف مشترك بخدمات التأمين الصحي\r\n\r\nوصرح الدكتور إيهاب فوزي أنه تم توفير أيضاً صيدلية لصرف الأدوية المخصصة والمقررة للعاملين من هيئة التأمين الصحي تيسيراً عليهم، وحرصاً على تطوير الخدمات الصحية المقدمة لهم تحت مظلة التأمين الصحي.وأضاف الدكتور إيهاب فوزي أن هذه العيادات تشمل العديد من  التخصصات الطبية \" كالجراحة العامة والمسالك البولية والباطنة والرمد والنساء والتوليد وغيرها \"ومن الجدير بالذكر عيادة الجامعة للتأمين الصحي ستتيح الفرصة لقبول التحويلات المختلفة من المعامل والأشعة', NULL, 5),
(42, '2021-08-21', 'ارقام خدمه المواطنين', NULL, NULL, 5),
(43, '2021-09-14', 'مناقشة رسالة ماجستير للطبيب/ محمد لؤي محمد شحاته معيد بقسم جراحة المسالك البولية والتناسلية', NULL, NULL, 6),
(44, '2021-09-08', 'مناقشات علمية', NULL, NULL, 6),
(45, '2021-09-01', 'بعد توقف مؤقت بسبب كورونا: استئناف عمليات زراعة الكلي بمستشفى المسالك بجامعة أسيوط', 'أكد الأستاذ الدكتور الدكتور علاء عطية عميد كلية الطب ورئيس مجلس إدارة مستشفيات أسيوط الجامعية على أستئناف برنامج عمليات زراعة الكلى والذى بدأت منذ 2015 وذلك بعد توقف منذ أكثر من عام بسبب جائحة فيروس كورونا، والذي تتم على أيدى فريق متخصص ومتميز من الكوادر الطبية واطقم التمريض بقيادة الدكتور هشام مختار حمودة الأستاذ المتفرغ بقسم جراحة الكلى والمسالك بالمستشفى ومدير وحدة زراعة الكلى بالمستشفى\r\n\r\nوأوضح الاستاذ الدكتور إيهاب فوزى المدير التنفيذى للمستشفيات الجامعية أن برنامج زراعة الكلى يجرى وفق الشروط القانونية والضوابط الأخلاقية المنظمة لعمليات زرع الكلى \r\n\r\nوأضاف الاستاذ الدكتور ضياء الدين عبد الحميد مدير مستشفى جراحة المسالك البولية والكلى عن نجاح المستشفى فى الحصول على تجديد رخصتها كمركز طبى لزراعة الأعضاء البشرية والصادر من اللجنة العليا المختصة عقب معاينة المستشفى والتأكد من مطابقتها للشروط والمواصفات\r\n\r\n وكشف الاستاذ الدكتور هشام مختار حمودة الأستاذ المتفرغ بقسم جراحة المسالك البولية ومدير برنامج زراعة الكلى أن عمليات زراعة الكلى بالمستشفى حققت نتائج مذهلة تضاف لإنجازات جامعة أسيوط ومستشفياتها ، وأضاف أن من أساسيات العملية الناجحة توفير كادر طبى مدرب ، مع توفير أقصى درجات التعقيم خلال العملية ، وأخيراً متابعة حالة المريض بعد الانتهاء من العملية', NULL, 6),
(46, '2021-08-29', 'المدير التنفيذي للمستشفيات الجامعية يتابع سيرالعمل بمستشفى المسالك البولية الجامعي', 'قام الأستاذ الدكتور إيهاب فوزي المدير التنفيذي للمستشفيات بزيارة مستشفى جراحة المسالك البولية والكلي الجامعي، حيث ألتقى بالأستاذ الدكتور ضياء الدين عبد الحميد مدير مستشفى جراحة المسالك البولية والكلي والأستاذ طارق نجيب مديرعام الشئون المالية والإدارية بالمستشفى والأستاذ محمد عبدالمعز مدير إدارة التوجيه المالي والإداري بالمستشفى \r\n\r\nوأشاد الدكتور إيهاب فوزي بإستئناف برنامج عمليات زراعة الكلي وكذلك الخدمات الطبية والصحية المقدمة للمريض ، وبالأخص العمليات الجراحية الدقيقة والتي تتم تحت إشراف طبي متميز ، كما بحث الدكتور إيهاب فوزي أثناء اللقاء أهم التحديات القائمة بالمستشفى والسعى لحلها في وقت زمني قريب', NULL, 6),
(47, '2021-08-24', 'ارقام خدمه المواطنين والايميل الالكتروني', NULL, NULL, 6),
(48, '2021-08-23', 'اليـــــــــــوم .... افتتاح عيادات الجامعة للتأمين الصحي بمستشفيات جامعة أسيوط', 'في إطار تطوير الخدمات العلاجية للعاملين بجامعة أسيوط ، وتيسيرها على المنتفعين بها ، اختتمت المستشفى الجامعي الرئيسي التجهيزات النهائية لافتتاح عيادات التأمين الصحي ليضاف إلى رصيد انجازات مستشفيات جامعة أسيوط ، وقد أعلن الأستاذ الدكتور طارق الجمال رئيس جامعة أسيوط من قبل عن البدء في إجراءات تخصيص مقرات داخل المستشفيات الجامعية وتجهيزها كعيادة متخصصة فرعية تابعة لهيئة التأمين الصحي لاستقبال الحالات المرضية من العاملين بالجامعة وتقديم الخدمة الطبية لهم ، موضحاً أن ذلك يتم بالتنسيق مع الدكتور أيمن منصور أبو زيد مدير عام فرع وسط الصعيد لهيئة التأمين الصحي ، وبالتنسيق مع الأستاذ الدكتور علاء عطية عميد كلية الطب ورئيس مجلس إدارة المستشفيات الجامعية الذي  أكد على بدء العمل بنظام التأمين الصحي من خلال عيادات متخصصة فرعية داخل المستشفى الجامعي الرئيسي \r\n\r\nوافتتح الأستاذ الدكتور إيهاب فوزي المدير التنفيذي للمستشفيات الجامعية اليوم الأثنين المواق 23 أغسطس 2021 العيادات المتخصصة لاستقبال الحالات وتابع مسيرة الخدمة الطبية المقدمة ، والتي من المقرر أن تخدم نحو 28 ألف موظف مشترك بخدمات التأمين الصحي\r\n\r\nوصرح الدكتور إيهاب فوزي أنه تم توفير أيضاً صيدلية لصرف الأدوية المخصصة والمقررة للعاملين من هيئة التأمين الصحي تيسيراً عليهم، وحرصاً على تطوير الخدمات الصحية المقدمة لهم تحت مظلة التأمين الصحي.وأضاف الدكتور إيهاب فوزي أن هذه العيادات تشمل العديد من  التخصصات الطبية \" كالجراحة العامة والمسالك البولية والباطنة والرمد والنساء والتوليد وغيرها \"ومن الجدير بالذكر عيادة الجامعة للتأمين الصحي ستتيح الفرصة لقبول التحويلات المختلفة من المعامل والأشعة', NULL, 6),
(49, '2021-08-20', 'المدير التنفيذي لمستشفيات جامعة أسيوط: بروتوكول تعاون مع مديرية الصحة لتلقي أسر العاملين بالمستشفيات الجامعية ومرافقي المرضى لقاح كورونا', 'في ضوء الدور الخدمي والمجتمعي لمستشفيات جامعة أسيوط  وضمن الخطة المتبعة من قبل إدارة المستشفيات الجامعية لتطبيق الإجراءات الاحترازية والوقائية للحد من انتقال فيروس كورونا ، وبإشراف من الأستاذ الدكتور علاء عطية عميد كلية الطب ورئيس مجلس إدارة المستشفيات الجامعية ، استقبل الأستاذ الدكتور ايهاب فوزي المدير التنفيذي للمستشفيات الجامعية كل من الأستاذ الدكتور ثابت عبد المنعم مدير مركز الدراسات و البحوث البيئية بجامعة أسيوط والدكتورة ماريان عجايبى مدير إدارة غرب الصحية بأسيوط والدكتورة اسماء عبدالعزيز الدروي والدكتور إيهاب عبدالراضي  ضمن فريق إدارة مكافحة العدوى بالمستشفيات الجامعية .وصرح الدكتور ايهاب فوزي انه تم توفير مقر عيادة التطعيمات الموجودة بقسم علاج الاورام بالمستشفى الجامعي الرئيسي لتلقي التطعيمات المخصصة ضد فيروس كورونا ابتداءاً من الأسبوع المقبل، وجاء ذلك ضمن بروتوكول تعاون بين مستشفيات جامعة أسيوط ووزارة الصحة والمتمثلة في مديرية الصحة بأسيوط (إدارة غرب) ، مضيفاً ان جرعات التطعيم متوفرة للسادة أعضاء هيئة التدريس وذويهم والعاملين بجامعة أسيوط ومستشفياتها (من أطباء وتمريض و موظفين وعمال ) وذويهم ،وذلك تيسيراً لمن يرغب في أخذ التطعيمات كخدمة متاحة داخل أماكن عملهم ، وأيضاً تشمل الخدمة تطعيم مرافقي المرضى . وذكرت الدكتورة ماريان عجايبي أن هذا التعاون خطوة هامة لزيادة حث المواطنين العاملين بجامعة أسيوط وذويهم على أخذ الجرعات المخصصة لمواجهة فيروس كورونا، وأنه سيكون هناك تنسيق مع مديرية الصحة والمستشفيات الجامعية لتقديم هذه الخدمة بشكل منظم وبسهولة كحملة من الحملات الصحية ، كما وضحت أن أهم الاجراءات المتبعة للحصول على التطعيم تتمثل في التسجيل الالكتروني للشخص المتقدم كخطوة أولى ثم يتم ملء استمارة (الموافقة المستنيرة) داخل العيادة المخصصة للتطعيم للتأكد من الصحة العامة للمتقدم وعدم وجود أى موانع صحية تعيقه من أخذ الجرعة اللازمة.كما أشاد الدكتور إيهاب فوزي بالتعاون الفعال الجهد المبذول والذي يتم بالتنسيق مع مديرية الصحة بأسيوط و الذي تأتى ضمن توجيهات السيد عبدالفتاح السيسي رئيس الجمهورية ا للحفاظ على سلامة الأفراد و توفير بيئة صحية آمنة.والجدير بالذكر أنه يتم العمل بالتنسيق مع  إدارة مكافحة العدوى بقيادة الأستاذ الدكتورة هبة راشد مدير إدارة مكافحة العدوى بالمستشفيات الجامعية', NULL, 6),
(50, '2021-08-17', 'الشركة الألمانية تزود مستشفى جراحة المسالك البولية والكلى الجامعي بمناظير حديثة', 'أكد الأستاذ الدكتور ايهاب فوزي المدير التنفيذي للمستشفيات الجامعية أن مستشفيات جامعة أسيوط تسعى إلى تطوير خدماتها الصحية وتطوير أجهزتها الطبية ، وذلك ضمن العديد من الخطط التطويرية في مختلف التخصصات الطبية التي تشهدها المستشفيات الجامعية ، بما يعود بالفائدة على مستوى الخدمات الطبية المقدمة للمرضي ، وأوضح الأستاذ الدكتور ضياء الدين عبدالحميد مدير مستشفي المسالك البولية والكلي أن مستشفي المسالك حصلت على دفعة جديدة من منظار الحالب المرن ومنظار الكلي والمثانة من الشركة الألمانية وذلك في إطار حرص المستشفي على توفير كامل الرعاية الصحية لمرضي المسالك البولية والكلي', NULL, 6),
(51, '2021-08-11', 'للعام الثالث علي التوالي مستشفي جراحة المسالك البولية والكلي تجديد وإعتماد الجودة الإدارية', 'في إطارالحرص المستمر والمجهود المبذول من إدارة جامعة إدارة جامعة أسيوط\r\n\r\nومستشفيتها الجامعية للنهوض بالمستشفيات الجامعية ورفع كفاءتها والقيام بدورها المتميز .\r\n\r\nتم تجديد حصول مستشفي جراحة المسالك البولية والكلي علي الجودة الإدارية isio  9001 :2015   للعام الثالث علي التوالي , وذلك بعد زيارة الخارجية للجوده للمستشفي والتي أقرته الجهه المنحة (TQCS International group) بالتجديد لإلتزام المستشفي بكامل معاير الجودة الإدارية المكرره وفقاً لمنظومة المواصفه المعمول بها . وذلك بعد زيارة أعضاء المراجعة الممثلة في الدكتور عادل شنب و الدكتوره  مشيرة يوم الأربعاء 4/8/2021 و لقائها بالأستاذ الدكتور ضياء الدين عبد الحميد مدير مستشفي جراحة المسالك البولية و الكلي و الدكتور أحمد عبد الحميد مدير عام الجودة بمستشفي جراحة المسالك البولية و الكلي و الدكتور عمرو أبوفدان المنسق الاعلامي للمستشفي جراحة المسالك البولية و الكلي .', NULL, 6),
(52, '2021-09-20', 'غدا... اليوم العالمي لمرض الزهايمر بمستشفى الجامعي الرئيسي', '9يتشرف قسم الأمراض النفسية و العصبية بجامعة اسيوط بتنظيم فاعلية اليوم العالمي لمرض الزهايمر تحت رعاية أ.د /طارق جمال (رئيس جامعة أسيوط) أ.د/علاء عطية (عميد كلية الطب بجامعة أسيوط) أ.د/ إيهاب فوزي (المدير التنفيذي لمستشفيات جامعة أسيوط) أ.د/علاءالدين محمد درويش(رئيس قسم الأمراض النفسية والعصبية) أ.د/محمد عبدالرحمن(رئيس وحدة العصبية)\r\nيوم الثلاثاء الموافق 9/21 في تمام الساعة 11:30 صباحا بقاعة المؤتمرات بجوار مكتب المدير بالمستشفي الجامعي\r\n', NULL, 7),
(53, '2021-09-13', 'مناقشه رساله دكتوراه للطبيب /مصطفى محمد هاشم', 'سيتم بمشيئة الله تعالي منلقشة رسالة الدكتوراه الخاصة بالطبيب /مصطفي محمد هاشم سيد (مدرس مساعد بقسم الأمراض العصبية والطب النفسي بكلية الطب بجامعة اسيوط)\r\nو عنوانها هو:أنماط النوم في الأطفال المصابين بإضطراب فرط الحركة و تشتت الأنتباه و تأثيره علي الوظائف المعرفية وجودة الحياة. وتتكون لجنة الإشراف والمناقشة منالسادة الأساتذة: أ.د/علاء الدين محمد درويش (أستاذ الطب النفسي بكلية الطب جامعة أسيوط) أ.د/نهله السيد ناجي (استاذ الطب النفسي بكلية الطب بجامعة أسيوط) ا.د/سهير حلمي الغنيمي (استاذ الطب النفسي بكلية الطب بجامعة أسيوط) ا.د/ حسام الدين خليفة أحمد (أستاذ الطب النفسي بكلية الطب بجامعة أسيوط) وذلك بمشيئة الله تعالي يوم الأربعاء الموافق 15/9/2021 الساعة الحادية عشر صباحا الدور الرابع قاعة المؤتمرات مستشفي الأمراض العصبية و الطب النفسي وجراحات المخ والأعصاب', NULL, 7),
(54, '2021-09-13', 'مناقشات علميه', 'سيتم بمشيئة الله تعالي مناقشة رسالة الماجستير المقدمة من الطبيبة إسراء علي عبدالرجال علي (معيدة بقسم الأمراض العصبية و النفسية بكلية الطب جامعة أسيوط) بعنوان: معدل إنتشار تعاطي المواد ذات الفاعلية النفسية الجديدة بين المرضي المترددين علي عيادة علاج الإدمان بمستشفي جامعة أسيوط. وتتكون لجنة الإشراف من : أ.د/حسن محمد فرويز (أستاذ الأمراض العصبية بكلية الطب جامعة أسيوط) و أ.م/روماني حسني جبره (أستاذ مساعد الأمراض النفسية بكلية الطب بجامعة أسيوط وتتكون لجنة المناقشة من أ.د/حسن محمد فرويز (أستاذ الأمرتض العصبية بكلية الطب جامعة اسيوط وأ.د/ علاء الدين محمد درويش (أستاذ الأمراض النفسية بكلية الطب بجامعة أسيوط) ا.د/سلوي محمد ربيع طه (أستاذ مساعد الأمراض النفسية بكلية الطب جامعة اسيوط) و ا.د/روماني حسني جبره (أستاذ مساعد الأمراض النفسية كلية الطب بجامعة أسيوط) و ذلك بمشيئة الله تعالي يوم الثلاثاء الموافق 2021/4/19 الساعة العاشرة صباحا بقاعة المؤتمرات الدور الرابع مستشفي الأمراض العصبية والنفسية', NULL, 7),
(55, '2021-09-01', 'مستشفى أسيوط الجامعي يجري عمليه جراحية ناجحة لإعادة البصر للمريض', 'ضمن الانجازات الطبية التي تشهدها مستشفيات جامعة أسيوط وتحت رعاية الدكتور طارق الجمال رئيس الجامعة ، أعلن الدكتور علاء عطية عميد كلية الطب بجامعة أسيوط ورئيس مجلس ادارة المستشفيات الجامعية عن نجاح فريق طبي بمستشفي الامراض العصبية والنفسية وجراحة المخ والأعصاب الجامعي في إعادة الإبصار إلى المريض ( خ . م) والبالغ من العمر 58 عام ، وذلك بعد تعرضه لنزيف حاد بالغده النخاميه وأضاف أن مستشفى العلوم النفسيه والعصبية جزء من مستشفيات جامعه اسيوط التي تقوم بدور هائل ومتميز فى خدمة المرضى و في تطوير العمل الطبي وتحسين الخدمة الطبية المقدمة لملايين المرضي من المترددين على المستشفيات الجامعية بكافة قطاعاتها من شتى محافظات الصعيد\r\n\r\nو صرح الدكتور إيهاب فوزي المدير التنفيذي للمستشفيات الجامعية ان المستشفى الجامعى قد استقبلت المريض وتم عمل التحاليل اللازمة والإشاعات المقطعية والرنين المغناطيسي على المخ وتبين وجود الورم والنزيف وتم اتخاذ قرار سريع بإجراء العملية واستئصال الورم والسيطرة على النزيف\r\n\r\nومن جانبه أكد الدكتور علاء درويش مدير مستشفى الأمراض العصبية وجراحة المخ والأعصاب أن العملية نجحت بالفعل فى إعادة الأبصار للمريض ورجوع حركة العين، وذلك بعد تسخير كافة الإمكانيات والمستلزمات الطبية والرعاية الصحية لإتمام العملية في أسرع وقت ممكن لإنقاذ المريض\r\n\r\nوالجدير بالذكر أن العملية تمت بقياده الأستاذ الدكتور محمود حسن رئيس الاستاذ ورئيس قسم جراحة المخ والأعصاب وعدد من أعضاء الفريق الطبي بالقسم من بينهم الدكتور شادي عبدالرحيم حسان مدرس جراحه المخ والأعصاب والدكتور عبدالله رجب مدرس مساعد جراحه المخ والأعصاب والدكتور أحمد جمال شلقامي مدرس مساعد جراحه الأنف والأذن والحنجرة والدكتور عمرو طلعت المدرس بقسم التخدير.', NULL, 7),
(56, '2021-08-23', 'اليـــــــــــوم .... افتتاح عيادات الجامعة للتأمين الصحي بمستشفيات جامعة أسيوط', 'في إطار تطوير الخدمات العلاجية للعاملين بجامعة أسيوط ، وتيسيرها على المنتفعين بها ، اختتمت المستشفى الجامعي الرئيسي التجهيزات النهائية لافتتاح عيادات التأمين الصحي ليضاف إلى رصيد انجازات مستشفيات جامعة أسيوط ، وقد أعلن الأستاذ الدكتور طارق الجمال رئيس جامعة أسيوط من قبل عن البدء في إجراءات تخصيص مقرات داخل المستشفيات الجامعية وتجهيزها كعيادة متخصصة فرعية تابعة لهيئة التأمين الصحي لاستقبال الحالات المرضية من العاملين بالجامعة وتقديم الخدمة الطبية لهم ، موضحاً أن ذلك يتم بالتنسيق مع الدكتور أيمن منصور أبو زيد مدير عام فرع وسط الصعيد لهيئة التأمين الصحي ، وبالتنسيق مع الأستاذ الدكتور علاء عطية عميد كلية الطب ورئيس مجلس إدارة المستشفيات الجامعية الذي  أكد على بدء العمل بنظام التأمين الصحي من خلال عيادات متخصصة فرعية داخل المستشفى الجامعي الرئيسي \r\n\r\nوافتتح الأستاذ الدكتور إيهاب فوزي المدير التنفيذي للمستشفيات الجامعية اليوم الأثنين المواق 23 أغسطس 2021 العيادات المتخصصة لاستقبال الحالات وتابع مسيرة الخدمة الطبية المقدمة ، والتي من المقرر أن تخدم نحو 28 ألف موظف مشترك بخدمات التأمين الصحي\r\n\r\nوصرح الدكتور إيهاب فوزي أنه تم توفير أيضاً صيدلية لصرف الأدوية المخصصة والمقررة للعاملين من هيئة التأمين الصحي تيسيراً عليهم، وحرصاً على تطوير الخدمات الصحية المقدمة لهم تحت مظلة التأمين الصحي.وأضاف الدكتور إيهاب فوزي أن هذه العيادات تشمل العديد من  التخصصات الطبية \" كالجراحة العامة والمسالك البولية والباطنة والرمد والنساء والتوليد وغيرها \"ومن الجدير بالذكر عيادة الجامعة للتأمين الصحي ستتيح الفرصة لقبول التحويلات المختلفة من المعامل والأشعة \r\n\r\n ', NULL, 7),
(57, '2021-08-22', 'مستشفى العصبية والنفسية بجامعة أسيوط تنجح في إجراء جراحة دقيقة', 'نجحت مستشفى الأمراض العصبية والنفسية وجراحة المخ والأعصاب التابعة لجامعة أسيوط في إجراء عملية جراحيه دقيقة لغلق تمدد شريانى منفجر عند مفترق الشريان السباتي الداخلى الايمن بالمخ ، تحت رعاية الأستاذ الدكتور/ طارق الجمال رئيس جامعة أسيوط ، الأستاذ الدكتور علاء عطيه عميد كليه الطب ورئيس مجلس إدارة المستشفيات الجامعية والاستاذ الدكتورايهاب فوزى المدير التنفيذى للمستشفيات الجامعية، الاستاذ الدكتور علاء الدين محمد درويش مدير مستشفي الأمراض العصبية والنفسية وجراحة المخ والأعصاب \r\n\r\nحيث اجراها فريق طبي برئاسة  محمود حسن رجب رئيس قسم جراحة المخ والأعصاب، الدكتور فراج محمد فراج استشارى جراحة المخ والاعصاب والدكتور اسامه رمضان مدرس مساعد جراحة المخ والاعصاب والدكتور محمد انور استشارى التخدير\r\n\r\nويذكر أن المريضة تبلغ من العمر (31) سنه كانت تعانى من صداع مفاجئ مع اضطراب بدرجة الوعى وبمناظرة الاشعات على المخ  تبين وجود نزيف تحت الام العنكبوتيه وتم اجراء الاشعات اللازمه لمعرفة السبب حيث تبين وجود تمدد شريانى كبير ١٥مم *١٥ مم منفجر عند مفترق الشريان السباتى الداخلى الايمن بالمخ \r\n\r\nوتم التدخل بالجراحة الميكروسكوبية لغلق التمدد الشريانى المنفجر بواسطة كليبس تيتانيوم مع مراعاة الحفاظ على الشرايين المحيطة بالتمدد الشريانى لتجنب اى مضاعفات غير مطلوبه وبعد العمليه تم اجراء الاشعة على شرايين المخ للتأكد من غلق التمدد الشريانى وتم خروج المريضه بسلام من المستشفى وهى فى درجة وعى كامله ودون وجود اى خذل او ضعف بها', NULL, 7),
(58, '2021-06-01', 'Family Planning workshop', NULL, NULL, 7),
(59, '2021-04-11', 'Seizure in intensive care unit(ICU) workshop', NULL, NULL, 7),
(60, '2021-04-04', 'world sleep day 2021 celebration', NULL, NULL, 7),
(61, '2021-09-02', 'مستشفيات جامعة أسيوط:4 مقرات جديدة لتلقي لقاح كورونا', 'في إطار دور مستشفيات جامعة أسيوط الخدمي والمجتمعي في مكافحة انتشار فيروس كورونا ، استقبل الاستاذ الدكتور علاء عطية عميد كلية الطب ورئيس مجلس إدارة المستشفيات الجامعية والاستاذ الدكتور إيهاب فوزي المدير التنفيذي للمستشفيات الجامعية الأستاذ الدكتور شحاتة غريب نائب رئيس جامعة أسيوط لشئون التعليم والطلاب والاستاذ الدكتور مها غانم نائب رئيس الجامعة لشئون خدمة المجتمع وتنمية البيئة والأستاذ الدكتور ثابت عبدالمنعم رئيس مركز الدراسات والبحوث البيئية بالجامعة والدكتورة اسماء عبدالعزيز مسئول بإدارة مكافحة العدوى بالمستشفيات الجامعية ، وذلك للوقوف على إمكانية زيادة المقرات لتوفير التطعيمات خلال الفترة المقبلة لمنتسبي جامعة أسيوط من أعضاء هيئة التدريس والأطقم الطبية وهيئة التمريض والعاملين والطلاب .وخلال جولتهم التفقدية لمقرات التطعيم بالمستشفيات الجامعية ، وبمرافقة الأستاذ الدكتور شريف كامل مدير مستشفى الراجحي للكبد والاستاذ الدكتور أحمد فائق مدير مستشفى صحة المرأة ، صرح الدكتور علاء عطية أن المستشفيات الجامعية على أتم الاستعداد لإتاحة عدداً من الأماكن المختلفة لكي يتمكن الجميع من تلقي اللقاح ومن بينهم عيادة تطيعم بمستشفى صحة المرأة وأخرى بمستشفى الراجحي بالاضافة إلى مقر بمستشفى الاطفال وكذلك مستشفى القلب ، إلى جانب المقرات الموجودة بعيادة علاج الاورام وحدة علاج أعضاء هيئة التدريس بالمستشفى الرئيسي.وأضاف الدكتور إيهاب فوزي أن المستشفيات الجامعية بإمكانيتها قادرة على الانتهاء من تطعيم كافة الفئات قبل بداية العام الدراسى ، بدءاً من يوم الأحد الموافق 4 من شهر سبتمبر الجاري وطوال أيام الأسبوع ، وذكر بأن المقرات مجهزة بفرق طبية وأطقم تمريض وأحد مسؤلي مكافحة العدوي ، كما يوجد بكل مقر مكان مخصص لتسجيل البيانات تيسيراً على المواطنين،  وأشار أن المستشفيات الجامعية استقبلت دفعة جديدة من اللقاحات بالتنسيق مع مديرية الصحة بأسيوط.ومن جانبه اقترح الدكتور شحاته غريب بأهمية الاستعانة بطلاب الامتياز بكلية التمريض لضمان الانتهاء من تلقي التطيعمات خلال الشهر الحالى.في حين أشارت الدكتورة مها غانم إلى وجود مقرات إضافية بالكليات الخارجة عن الحرم الجامعي وذلك بكلية الآداب والخدمة الإجتماعية والتربية النوعية بجانب المقرات الموجودة بالفعل داخل الجامعة ', NULL, 8);
INSERT INTO `News` (`ID`, `NewsDate`, `Title`, `Content`, `MediaID`, `HospitalID`) VALUES
(62, '2021-08-31', 'نجاح عمليه قلب مفتوح لسيده حامل بمستشفى أسيوط الجامعي', 'جراء جراحة ناجحة لحالة ولادة قيصرية بمستشفى القلب تحت رعاية الدكتور علاء عطية عميد كلية الطب ورئيس مجلس إدارة مستشفيات أسيوط الجامعية والدكتور إيهاب فوزي المدير التنفيذي لمستشفيات أسيوط الجامعية نجح الفريق الطبي بمستشفى القلب الجامعي في إنقاذ حياة أم حامل في شهرها الثامن وجنينها بعد إجراء جراحة عاجلة لاستبدال الصمامين الميترالي والأورطي للأم ثم إجراء جراحة قيصرية لولادة طفلتها، وصرح الدكتور إيهاب فوزي أن نجاح هذه الجراحة نتيجة للجهود المبذولة لتطوير المنظومة الصحية بالمستشفيات الجامعية، كما صرح الدكتور حسام العربي مدير مستشفى القلب الجامعي أن لصعوبة حالة تلك المريضة تم حجزها بعناية القلب لإعدادها لجراحة عاجلة، وتم استثنائها من جميع الإجراءات الإدارية حرصاً على حياتها.وعن تفاصيل الحالة ذكر الدكتور ياسر حمدي استشاري ومدرس جراحة القلب أن الحالة كانت تعاني من ضيق شديد في التنفس وهبوط حاد في وظائف عضله القلب وبالفحص ومتابعة الأشعة التليفزيونية تبين وجود عدوي بكتيرية شديده على الصمام الأورطي والمترالي وتسبب في تلف كلا الصمامين و حدوث ارتجاع شديد  بهما مصحوب برشح على الرئتين، فتم التواصل مع قسم النساء والتوليد وبعد المشاورات تقرر إجراء جراحة القلب المفتوح بشكل طارئ لعدم استقرار حالة الأم وعدم تحملها إجراء الولاده، وبعد 6 ساعات من جراحة القلب تم استدعاء طبيب نساء وتوليد لإجراء عملية قيصرية وتمت العملية بنجاح وحالة الأم والطفلة في تحسن مستمر.يذكر أن الفريق الطبي شمل الدكتور أحمد عبد الناصر والدكتور علي زين والدكتور يحيى العسال الأطباء المقيمين بالمستشفى، والدكتورة مروة طنطاوي والدكتورة هايدي يعقوب المدرسان المساعدان بالقسم، والدكتور محمد بهاء طبيب النساء والولادة والكتور عمرو عبد النظير والدكتور خالد عبد الستار مدرس مساعد بالقسم والدكتور على زين طبيب مكينه القلب المفتوح وفريق التخدير وشمل الدكتور هاني مصطفى استشاري التخدير والدكتور محمود فيصل المدرس المساعد بالقسم.', NULL, 8),
(63, '2021-08-27', 'المدير التنفيذي للمستشفيات الجامعية في جولة تفقدية لمستشفى القلب', 'قام الأستاذ الدكتور إيهاب فوزي المدير التنفيذي للمستشفيات الجامعية بجولة تفقدية لمستشفى القلب الجامعي، واستقبله الأستاذ الدكتور حسام العربي مدير المستشفى للوقوف على الجهود المبذولة للقضاء على قوائم الانتظار ورفع الكفاءة للمستشفى وفقا لمنظومة الشراء الموحد وخلال جولته أكد الدكتور إيهاب فوزي على أهمية تفعيل أعمال الصيانة للأجهزة المتوفرة بالمستشفى وتجهيزها بالأجهزة الطبية الحديثة، لتحسين مستوى الخدمة بما يتلائم مع معايير الجودة\r\n\r\nوأوضح الدكتور إيهاب فوزي أن منظومة الشراء الموحد تأتي في إطار تنفيذ خطة الدولة لتوفير احتياجات القطاع الطبي من المنتجات  وتوفير كافة المستلزمات الطبية والأدوية بمخازن الصيدليات كمخزون استراتيجي لتغطية كافة الاحتياجات', NULL, 8),
(64, '2021-08-26', 'رئيس المكتب الثقافي الكويتي يزور مستشفيات جامعه اسيوط ويشيد بتميزها', 'أشاد الدكتور أحمد رشيد المطيري بالمستشفيات الجامعيه مشيراً إلي ماتتميز به من مستوي علمي متقدم جعلها تأخذ مكانتها علي الصعيد الإقليمي والدولي تحت رعاية الأستاذ الدكتور طارق الجمال رئيس جامعه أسيوط.\r\n\r\nوقال المطيري خلال زيارته لمستشفي القلب والراجحي ولقاءه بالأستاذ الدكتور علاء عطيه عميد كليه الطب ورئيس مجلس اداره المستشفيات الجامعيه والأستاذ الدكتور إيهاب فوزي المدير التنفيذي للمستشفيات الجامعيه أن الزياره تأتي في اطار بحث أوجه التعاون المشترك بين البلدين من خلال توفير الفرص التعليمية للطلاب من دولة الكويت للدراسة في كلية الطب والتدريب بالمستشفيات الجامعية\r\n\r\n وصرح كل من الدكتورعلاء عطية والدكتور إيهاب فوزي بأن كلية الطب والمستشفيات الجامعية دائماً ما تتيح الفرص للأخوة العرب لتبادل الخبرات والمعلومات في كافة المجالات، خاصة أن المستشفيات الجامعية تتمتع بسمعة جيدة لديهم، كما أكدوا أنهم سيحرصوا على تذليل كافة العقبات ليتمكن الطلبه من تحقيق الاستفادة القصوى خلال دراستهم.\r\n\r\nوشكر الدكتور المطيري رئاسة جامعه أسيوط اهتمامها بالطلاب الكويتين، كما وجه الشكر للأستاذ الدكتور علاء عطيه والأستاذ الدكتور إيهاب فوزي مشيداً بمستوي الخدمات الصحيه بمستشفي الراجحي الجامعي للكبد ومستشفي القلب الجامعي.', NULL, 8),
(65, '2021-08-23', 'اختيار الأستاذ الدكتور حسام العربي عضواً بأحد مجلات القلب العالمية', 'تتمتع جامعة أسيوط بمكانة مرموقة وسط الجامعات المصرية والعربية والعالمية لما تتضمنه من الكفاءات العلمية والبحثية المتميزة لأبناءها من أعضاء هيئة تدريس وأطباء منذ العقود الماضية ، وفي هذا السياق تم اختيار الاستاذ الدكتور حسام حسن العربي أستاذ ورئيس قسم أمراض القلب والأوعية الدموية بكلية الطب جامعة أسيوط ومدير مستشفى الاورمان للقلب الجامعي ضمن هيئة تحرير المجلة العالمية \"cardiology and cardiac treatment \" وهي مجلة تنشر العديد من التخصصات الأكاديمية المختلفة وتنشر المعلومات البحثية العلمية والطبية على مستوى العالم\r\n\r\nوالجدير بالذكر أن الدكتور حسام العربي لديه جهود متميزة وفريده طوال عمله الطبي والأكاديمي ، وكذلك كونه واحداً من أبرز العلماء المتخصصين فى مجال أمراض القلب والأوعية الدموية على مستوى الجمهورية ، فضلاً عن إنتاجه العلمي الغزير ومشاركاته في العديد من الأبحات العلمية المتطورة في المجلات والدوريات العلمية  العالمية ، علماً بأن سيادته عضواً في هئية تحرير مجلة القلب العالمية \" منذ ثلاث سنوات \r\n\r\nويتقدم الاستاذ الدكتور إيهاب فوزي المدير التنفيذي للمستشفيات الجامعيه بخالص التهاني القلبيه لسيادته وأطيب التمنيات بمزيد من التفوق والنجاح', NULL, 8),
(66, '2021-08-23', 'اليـــــــــــوم .... افتتاح عيادات الجامعة للتأمين الصحي بمستشفيات جامعة أسيوط', 'في إطار تطوير الخدمات العلاجية للعاملين بجامعة أسيوط ، وتيسيرها على المنتفعين بها ، اختتمت المستشفى الجامعي الرئيسي التجهيزات النهائية لافتتاح عيادات التأمين الصحي ليضاف إلى رصيد انجازات مستشفيات جامعة أسيوط ، وقد أعلن الأستاذ الدكتور طارق الجمال رئيس جامعة أسيوط من قبل عن البدء في إجراءات تخصيص مقرات داخل المستشفيات الجامعية وتجهيزها كعيادة متخصصة فرعية تابعة لهيئة التأمين الصحي لاستقبال الحالات المرضية من العاملين بالجامعة وتقديم الخدمة الطبية لهم ، موضحاً أن ذلك يتم بالتنسيق مع الدكتور أيمن منصور أبو زيد مدير عام فرع وسط الصعيد لهيئة التأمين الصحي ، وبالتنسيق مع الأستاذ الدكتور علاء عطية عميد كلية الطب ورئيس مجلس إدارة المستشفيات الجامعية الذي  أكد على بدء العمل بنظام التأمين الصحي من خلال عيادات متخصصة فرعية داخل المستشفى الجامعي الرئيسي \r\n\r\nوافتتح الأستاذ الدكتور إيهاب فوزي المدير التنفيذي للمستشفيات الجامعية اليوم الأثنين المواق 23 أغسطس 2021 العيادات المتخصصة لاستقبال الحالات وتابع مسيرة الخدمة الطبية المقدمة ، والتي من المقرر أن تخدم نحو 28 ألف موظف مشترك بخدمات التأمين الصحي\r\n\r\nوصرح الدكتور إيهاب فوزي أنه تم توفير أيضاً صيدلية لصرف الأدوية المخصصة والمقررة للعاملين من هيئة التأمين الصحي تيسيراً عليهم، وحرصاً على تطوير الخدمات الصحية المقدمة لهم تحت مظلة التأمين الصحي.وأضاف الدكتور إيهاب فوزي أن هذه العيادات تشمل العديد من  التخصصات الطبية \" كالجراحة العامة والمسالك البولية والباطنة والرمد والنساء والتوليد وغيرها \"ومن الجدير بالذكر عيادة الجامعة للتأمين الصحي ستتيح الفرصة لقبول التحويلات المختلفة من المعامل والأشعة \r\n\r\n ', NULL, 8),
(67, '2021-08-20', 'المدير التنفيذي لمستشفيات جامعة أسيوط: بروتوكول تعاون مع مديرية الصحة لتلقي أسر العاملين بالمستشفيات الجامعية ومرافقي المرضى لقاح كورونا\r\n', 'في ضوء الدور الخدمي والمجتمعي لمستشفيات جامعة أسيوط  وضمن الخطة المتبعة من قبل إدارة المستشفيات الجامعية لتطبيق الإجراءات الاحترازية والوقائية للحد من انتقال فيروس كورونا ، وبإشراف من الأستاذ الدكتور علاء عطية عميد كلية الطب ورئيس مجلس إدارة المستشفيات الجامعية ، استقبل الأستاذ الدكتور ايهاب فوزي المدير التنفيذي للمستشفيات الجامعية كل من الأستاذ الدكتور ثابت عبد المنعم مدير مركز الدراسات و البحوث البيئية بجامعة أسيوط والدكتورة ماريان عجايبى مدير إدارة غرب الصحية بأسيوط والدكتورة اسماء عبدالعزيز الدروي والدكتور إيهاب عبدالراضي  ضمن فريق إدارة مكافحة العدوى بالمستشفيات الجامعية .وصرح الدكتور ايهاب فوزي انه تم توفير مقر عيادة التطعيمات الموجودة بقسم علاج الاورام بالمستشفى الجامعي الرئيسي لتلقي التطعيمات المخصصة ضد فيروس كورونا ابتداءاً من الأسبوع المقبل، وجاء ذلك ضمن بروتوكول تعاون بين مستشفيات جامعة أسيوط ووزارة الصحة والمتمثلة في مديرية الصحة بأسيوط (إدارة غرب) ، مضيفاً ان جرعات التطعيم متوفرة للسادة أعضاء هيئة التدريس وذويهم والعاملين بجامعة أسيوط ومستشفياتها (من أطباء وتمريض و موظفين وعمال ) وذويهم ،وذلك تيسيراً لمن يرغب في أخذ التطعيمات كخدمة متاحة داخل أماكن عملهم ، وأيضاً تشمل الخدمة تطعيم مرافقي المرضى . وذكرت الدكتورة ماريان عجايبي أن هذا التعاون خطوة هامة لزيادة حث المواطنين العاملين بجامعة أسيوط وذويهم على أخذ الجرعات المخصصة لمواجهة فيروس كورونا، وأنه سيكون هناك تنسيق مع مديرية الصحة والمستشفيات الجامعية لتقديم هذه الخدمة بشكل منظم وبسهولة كحملة من الحملات الصحية ، كما وضحت أن أهم الاجراءات المتبعة للحصول على التطعيم تتمثل في التسجيل الالكتروني للشخص المتقدم كخطوة أولى ثم يتم ملء استمارة (الموافقة المستنيرة) داخل العيادة المخصصة للتطعيم للتأكد من الصحة العامة للمتقدم وعدم وجود أى موانع صحية تعيقه من أخذ الجرعة اللازمة.كما أشاد الدكتور إيهاب فوزي بالتعاون الفعال الجهد المبذول والذي يتم بالتنسيق مع مديرية الصحة بأسيوط و الذي تأتى ضمن توجيهات السيد عبدالفتاح السيسي رئيس الجمهورية ا للحفاظ على سلامة الأفراد و توفير بيئة صحية آمنة.والجدير بالذكر أنه يتم العمل بالتنسيق مع  إدارة مكافحة العدوى بقيادة الأستاذ الدكتورة هبة راشد مدير إدارة مكافحة العدوى بالمستشفيات الجامعية', NULL, 8),
(68, '2021-08-23', 'اليـــــــــــوم .... افتتاح عيادات الجامعة للتأمين الصحي بمستشفيات جامعة أسيوط', '\r\nفي إطار تطوير الخدمات العلاجية للعاملين بجامعة أسيوط ، وتيسيرها على المنتفعين بها ، اختتمت المستشفى الجامعي الرئيسي التجهيزات النهائية لافتتاح عيادات التأمين الصحي ليضاف إلى رصيد انجازات مستشفيات جامعة أسيوط ، وقد أعلن الأستاذ الدكتور طارق الجمال رئيس جامعة أسيوط من قبل عن البدء في إجراءات تخصيص مقرات داخل المستشفيات الجامعية وتجهيزها كعيادة متخصصة فرعية تابعة لهيئة التأمين الصحي لاستقبال الحالات المرضية من العاملين بالجامعة وتقديم الخدمة الطبية لهم ، موضحاً أن ذلك يتم بالتنسيق مع الدكتور أيمن منصور أبو زيد مدير عام فرع وسط الصعيد لهيئة التأمين الصحي ، وبالتنسيق مع الأستاذ الدكتور علاء عطية عميد كلية الطب ورئيس مجلس إدارة المستشفيات الجامعية الذي  أكد على بدء العمل بنظام التأمين الصحي من خلال عيادات متخصصة فرعية داخل المستشفى الجامعي الرئيسي \r\n\r\nوافتتح الأستاذ الدكتور إيهاب فوزي المدير التنفيذي للمستشفيات الجامعية اليوم الأثنين المواق 23 أغسطس 2021 العيادات المتخصصة لاستقبال الحالات وتابع مسيرة الخدمة الطبية المقدمة ، والتي من المقرر أن تخدم نحو 28 ألف موظف مشترك بخدمات التأمين الصحي\r\n\r\nوصرح الدكتور إيهاب فوزي أنه تم توفير أيضاً صيدلية لصرف الأدوية المخصصة والمقررة للعاملين من هيئة التأمين الصحي تيسيراً عليهم، وحرصاً على تطوير الخدمات الصحية المقدمة لهم تحت مظلة التأمين الصحي.وأضاف الدكتور إيهاب فوزي أن هذه العيادات تشمل العديد من  التخصصات الطبية \" كالجراحة العامة والمسالك البولية والباطنة والرمد والنساء والتوليد وغيرها \"ومن الجدير بالذكر عيادة الجامعة للتأمين الصحي ستتيح الفرصة لقبول التحويلات المختلفة من المعامل والأشعة ', NULL, 9),
(69, '2021-08-20', 'المدير التنفيذي لمستشفيات جامعة أسيوط: بروتوكول تعاون مع مديرية الصحة لتلقي أسر العاملين بالمستشفيات الجامعية ومرافقي المرضى لقاح كورونا', 'في ضوء الدور الخدمي والمجتمعي لمستشفيات جامعة أسيوط  وضمن الخطة المتبعة من قبل إدارة المستشفيات الجامعية لتطبيق الإجراءات الاحترازية والوقائية للحد من انتقال فيروس كورونا ، وبإشراف من الأستاذ الدكتور علاء عطية عميد كلية الطب ورئيس مجلس إدارة المستشفيات الجامعية ، استقبل الأستاذ الدكتور ايهاب فوزي المدير التنفيذي للمستشفيات الجامعية كل من الأستاذ الدكتور ثابت عبد المنعم مدير مركز الدراسات و البحوث البيئية بجامعة أسيوط والدكتورة ماريان عجايبى مدير إدارة غرب الصحية بأسيوط والدكتورة اسماء عبدالعزيز الدروي والدكتور إيهاب عبدالراضي  ضمن فريق إدارة مكافحة العدوى بالمستشفيات الجامعية .وصرح الدكتور ايهاب فوزي انه تم توفير مقر عيادة التطعيمات الموجودة بقسم علاج الاورام بالمستشفى الجامعي الرئيسي لتلقي التطعيمات المخصصة ضد فيروس كورونا ابتداءاً من الأسبوع المقبل، وجاء ذلك ضمن بروتوكول تعاون بين مستشفيات جامعة أسيوط ووزارة الصحة والمتمثلة في مديرية الصحة بأسيوط (إدارة غرب) ، مضيفاً ان جرعات التطعيم متوفرة للسادة أعضاء هيئة التدريس وذويهم والعاملين بجامعة أسيوط ومستشفياتها (من أطباء وتمريض و موظفين وعمال ) وذويهم ،وذلك تيسيراً لمن يرغب في أخذ التطعيمات كخدمة متاحة داخل أماكن عملهم ، وأيضاً تشمل الخدمة تطعيم مرافقي المرضى . وذكرت الدكتورة ماريان عجايبي أن هذا التعاون خطوة هامة لزيادة حث المواطنين العاملين بجامعة أسيوط وذويهم على أخذ الجرعات المخصصة لمواجهة فيروس كورونا، وأنه سيكون هناك تنسيق مع مديرية الصحة والمستشفيات الجامعية لتقديم هذه الخدمة بشكل منظم وبسهولة كحملة من الحملات الصحية ، كما وضحت أن أهم الاجراءات المتبعة للحصول على التطعيم تتمثل في التسجيل الالكتروني للشخص المتقدم كخطوة أولى ثم يتم ملء استمارة (الموافقة المستنيرة) داخل العيادة المخصصة للتطعيم للتأكد من الصحة العامة للمتقدم وعدم وجود أى موانع صحية تعيقه من أخذ الجرعة اللازمة.كما أشاد الدكتور إيهاب فوزي بالتعاون الفعال الجهد المبذول والذي يتم بالتنسيق مع مديرية الصحة بأسيوط و الذي تأتى ضمن توجيهات السيد عبدالفتاح السيسي رئيس الجمهورية ا للحفاظ على سلامة الأفراد و توفير بيئة صحية آمنة.والجدير بالذكر أنه يتم العمل بالتنسيق مع  إدارة مكافحة العدوى بقيادة الأستاذ الدكتورة هبة راشد مدير إدارة مكافحة العدوى بالمستشفيات الجامعية', NULL, 9),
(70, '2021-07-26', 'زيارد سفير ليبيا لمستشفى اسيوط الجديدة الجامعى', 'زار اليوم 26/7/2021 السيد الدكتور /عمر احمد الطوير رئيس المكتب الصحى بسفارة دولة ليبيا بجمهورية مصر العربية  مستشفى اسيوط الجديدة الجامعى للقيام على فاعليات قافلة مؤسسة عملية الابتسامة والإطمئنان على صحة الاطفال الليبيين', NULL, 9);

-- --------------------------------------------------------

--
-- Stand-in structure for view `NewsView`
-- (See below for the actual view)
--
CREATE TABLE `NewsView` (
`ID` int(11)
,`NewsDate` date
,`Title` varchar(255)
);

-- --------------------------------------------------------

--
-- Table structure for table `om2sorchat`
--

CREATE TABLE `om2sorchat` (
  `id` int(11) NOT NULL,
  `messages` mediumtext NOT NULL,
  `response` mediumtext NOT NULL
) ENGINE=InnoDB DEFAULT CHARSET=utf8mb4;

--
-- Dumping data for table `om2sorchat`
--

INSERT INTO `om2sorchat` (`id`, `messages`, `response`) VALUES
(1, '1', 'مدير المستشفى - عيادات المستشفى - رقم خدمة المواطنين'),
(2, 'مدير المستشفى|مدير المستشفى؟|من هو مدير المستشفى|من هو مدير المستشفى؟', 'د/ فاطمة محمد عثمان كيلانى'),
(3, 'عيادات المستشفى|عيادات المستشفى؟|ماهي عيادات المستشفى؟|ماهي عيادات المستشفى', 'عيادة نساء وولادة\r\nعيادة العظام\r\nعيادة الاسنان\r\nعيادة الرمد\r\nعيادة الجهاز الهضمي\r\nعيادة الباطنة والقلب\r\nعيادة الجراحة العامة\r\nعيادة الكلى\r\nعيادة صدرية\r\nعيادة المسالك البولية\r\nعيادة الاطفال'),
(4, 'رقم خدمة المواطنين|ماهو الرقم|ماهو الرقم؟|ماهو رقم خدمة المواطنين؟|رقم خدمة المواطنين؟', 'يمكنك الاتصال على 010(+20)');

-- --------------------------------------------------------

--
-- Table structure for table `Person`
--

CREATE TABLE `Person` (
  `ID` int(11) NOT NULL,
  `Name` varchar(50) NOT NULL,
  `IMG` varchar(70) DEFAULT NULL,
  `Phone` varchar(20) DEFAULT NULL,
  `JobTitle` varchar(50) DEFAULT NULL,
  `About` varchar(100) DEFAULT NULL
) ENGINE=InnoDB DEFAULT CHARSET=utf8mb4;

-- --------------------------------------------------------

--
-- Stand-in structure for view `PersonView`
-- (See below for the actual view)
--
CREATE TABLE `PersonView` (
`ID` int(11)
,`Name` varchar(50)
,`IMG` varchar(70)
,`Phone` varchar(20)
,`JobTitle` varchar(50)
,`About` varchar(100)
);

-- --------------------------------------------------------

--
-- Table structure for table `womanchat`
--

CREATE TABLE `womanchat` (
  `id` int(11) NOT NULL,
  `messages` mediumtext NOT NULL,
  `response` mediumtext NOT NULL
) ENGINE=InnoDB DEFAULT CHARSET=utf8mb4;

--
-- Dumping data for table `womanchat`
--

INSERT INTO `womanchat` (`id`, `messages`, `response`) VALUES
(1, '1', 'مدير المستشفى - عيادات المستشفى - رقم خدمة المواطنين'),
(2, 'مدير المستشفى|مدير المستشفى؟|من هو مدير المستشفى|من هو مدير المستشفى؟', 'أ.د / احمد فائق أمين'),
(3, 'عيادات المستشفى|عيادات المستشفى؟|ماهي عيادات المستشفى؟|ماهي عيادات المستشفى', 'عيادة امراض النسا و التوليد\r\nعيادة الحوامل\r\nعيادة العقم و تأخر النجاب\r\nعيادة المناظير الرحمي'),
(4, 'رقم خدمة المواطنين|ماهو الرقم|ماهو الرقم؟|ماهو رقم خدمة المواطنين؟|رقم خدمة المواطنين؟', 'يمكنك الاتصال على 010(+20)');

-- --------------------------------------------------------

--
-- Structure for view `AdminView`
--
DROP TABLE IF EXISTS `AdminView`;

CREATE ALGORITHM=UNDEFINED DEFINER=`root`@`localhost` SQL SECURITY DEFINER VIEW `AdminView`  AS SELECT `Admin`.`ID` AS `ID`, `Admin`.`Name` AS `Name`, `Admin`.`Email` AS `Email`, `Admin`.`Password` AS `Password`, `Admin`.`Img` AS `Img` FROM `Admin` ;

-- --------------------------------------------------------

--
-- Structure for view `ClincView`
--
DROP TABLE IF EXISTS `ClincView`;

CREATE ALGORITHM=UNDEFINED DEFINER=`root`@`localhost` SQL SECURITY DEFINER VIEW `ClincView`  AS SELECT `Clinic`.`ID` AS `ID`, `Clinic`.`Specialization` AS `Specialization` FROM `Clinic` ;

-- --------------------------------------------------------

--
-- Structure for view `DepartmentView`
--
DROP TABLE IF EXISTS `DepartmentView`;

CREATE ALGORITHM=UNDEFINED DEFINER=`root`@`localhost` SQL SECURITY DEFINER VIEW `DepartmentView`  AS SELECT `Department`.`ID` AS `ID`, `Department`.`Name` AS `Name` FROM `Department` ;

-- --------------------------------------------------------

--
-- Structure for view `HospitalView`
--
DROP TABLE IF EXISTS `HospitalView`;

CREATE ALGORITHM=UNDEFINED DEFINER=`root`@`localhost` SQL SECURITY DEFINER VIEW `HospitalView`  AS SELECT `Hospital`.`ID` AS `ID`, `Hospital`.`Name` AS `Name` FROM `Hospital` ;

-- --------------------------------------------------------

--
-- Structure for view `MediaView`
--
DROP TABLE IF EXISTS `MediaView`;

CREATE ALGORITHM=UNDEFINED DEFINER=`root`@`localhost` SQL SECURITY DEFINER VIEW `MediaView`  AS SELECT `Media`.`ID` AS `ID`, `Media`.`Content` AS `Content` FROM `Media` ;

-- --------------------------------------------------------

--
-- Structure for view `NewsView`
--
DROP TABLE IF EXISTS `NewsView`;

CREATE ALGORITHM=UNDEFINED DEFINER=`root`@`localhost` SQL SECURITY DEFINER VIEW `NewsView`  AS SELECT `News`.`ID` AS `ID`, `News`.`NewsDate` AS `NewsDate`, `News`.`Title` AS `Title` FROM `News` ;

-- --------------------------------------------------------

--
-- Structure for view `PersonView`
--
DROP TABLE IF EXISTS `PersonView`;

CREATE ALGORITHM=UNDEFINED DEFINER=`root`@`localhost` SQL SECURITY DEFINER VIEW `PersonView`  AS SELECT `Person`.`ID` AS `ID`, `Person`.`Name` AS `Name`, `Person`.`IMG` AS `IMG`, `Person`.`Phone` AS `Phone`, `Person`.`JobTitle` AS `JobTitle`, `Person`.`About` AS `About` FROM `Person` ;

--
-- Indexes for dumped tables
--

--
-- Indexes for table `Admin`
--
ALTER TABLE `Admin`
  ADD PRIMARY KEY (`ID`);

--
-- Indexes for table `artical`
--
ALTER TABLE `artical`
  ADD PRIMARY KEY (`id`);

--
-- Indexes for table `brainchat`
--
ALTER TABLE `brainchat`
  ADD PRIMARY KEY (`id`);

--
-- Indexes for table `chatbot`
--
ALTER TABLE `chatbot`
  ADD PRIMARY KEY (`id`);

--
-- Indexes for table `Clinic`
--
ALTER TABLE `Clinic`
  ADD PRIMARY KEY (`ID`),
  ADD KEY `MediaID` (`MediaID`),
  ADD KEY `PersonID` (`PersonID`),
  ADD KEY `FK_Clinic_Department` (`Dept_ID`);

--
-- Indexes for table `Department`
--
ALTER TABLE `Department`
  ADD PRIMARY KEY (`ID`),
  ADD KEY `MediaID` (`MediaID`),
  ADD KEY `ClinicID` (`ClinicID`),
  ADD KEY `FK_Hospital_Department` (`HospitalID`);

--
-- Indexes for table `events`
--
ALTER TABLE `events`
  ADD PRIMARY KEY (`id`);

--
-- Indexes for table `heartchat`
--
ALTER TABLE `heartchat`
  ADD PRIMARY KEY (`id`);

--
-- Indexes for table `Hospital`
--
ALTER TABLE `Hospital`
  ADD PRIMARY KEY (`ID`),
  ADD KEY `MediaID` (`MediaID`),
  ADD KEY `DepartmentID` (`DepartmentID`);

--
-- Indexes for table `liverchat`
--
ALTER TABLE `liverchat`
  ADD PRIMARY KEY (`id`);

--
-- Indexes for table `mainchat`
--
ALTER TABLE `mainchat`
  ADD PRIMARY KEY (`id`);

--
-- Indexes for table `ManagementGroup`
--
ALTER TABLE `ManagementGroup`
  ADD PRIMARY KEY (`HospiyalID`,`PersonID`),
  ADD KEY `PersonID` (`PersonID`);

--
-- Indexes for table `Media`
--
ALTER TABLE `Media`
  ADD PRIMARY KEY (`ID`);

--
-- Indexes for table `Message`
--
ALTER TABLE `Message`
  ADD PRIMARY KEY (`ID`);

--
-- Indexes for table `msalekchat`
--
ALTER TABLE `msalekchat`
  ADD PRIMARY KEY (`id`);

--
-- Indexes for table `newassiutchat`
--
ALTER TABLE `newassiutchat`
  ADD PRIMARY KEY (`id`);

--
-- Indexes for table `News`
--
ALTER TABLE `News`
  ADD PRIMARY KEY (`ID`),
  ADD KEY `MediaID` (`MediaID`),
  ADD KEY `HospitalID` (`HospitalID`);

--
-- Indexes for table `om2sorchat`
--
ALTER TABLE `om2sorchat`
  ADD PRIMARY KEY (`id`);

--
-- Indexes for table `Person`
--
ALTER TABLE `Person`
  ADD PRIMARY KEY (`ID`);

--
-- Indexes for table `womanchat`
--
ALTER TABLE `womanchat`
  ADD PRIMARY KEY (`id`);

--
-- AUTO_INCREMENT for dumped tables
--

--
-- AUTO_INCREMENT for table `artical`
--
ALTER TABLE `artical`
  MODIFY `id` int(11) NOT NULL AUTO_INCREMENT, AUTO_INCREMENT=4;

--
-- AUTO_INCREMENT for table `brainchat`
--
ALTER TABLE `brainchat`
  MODIFY `id` int(11) NOT NULL AUTO_INCREMENT, AUTO_INCREMENT=5;

--
-- AUTO_INCREMENT for table `chatbot`
--
ALTER TABLE `chatbot`
  MODIFY `id` int(11) NOT NULL AUTO_INCREMENT, AUTO_INCREMENT=5;

--
-- AUTO_INCREMENT for table `events`
--
ALTER TABLE `events`
  MODIFY `id` int(11) NOT NULL AUTO_INCREMENT, AUTO_INCREMENT=5;

--
-- AUTO_INCREMENT for table `liverchat`
--
ALTER TABLE `liverchat`
  MODIFY `id` int(11) NOT NULL AUTO_INCREMENT, AUTO_INCREMENT=5;

--
-- AUTO_INCREMENT for table `mainchat`
--
ALTER TABLE `mainchat`
  MODIFY `id` int(11) NOT NULL AUTO_INCREMENT, AUTO_INCREMENT=5;

--
-- AUTO_INCREMENT for table `msalekchat`
--
ALTER TABLE `msalekchat`
  MODIFY `id` int(11) NOT NULL AUTO_INCREMENT, AUTO_INCREMENT=5;

--
-- AUTO_INCREMENT for table `newassiutchat`
--
ALTER TABLE `newassiutchat`
  MODIFY `id` int(11) NOT NULL AUTO_INCREMENT, AUTO_INCREMENT=5;

--
-- AUTO_INCREMENT for table `om2sorchat`
--
ALTER TABLE `om2sorchat`
  MODIFY `id` int(11) NOT NULL AUTO_INCREMENT, AUTO_INCREMENT=5;

--
-- AUTO_INCREMENT for table `womanchat`
--
ALTER TABLE `womanchat`
  MODIFY `id` int(11) NOT NULL AUTO_INCREMENT, AUTO_INCREMENT=5;

--
-- Constraints for dumped tables
--

--
-- Constraints for table `Clinic`
--
ALTER TABLE `Clinic`
  ADD CONSTRAINT `Clinic_ibfk_1` FOREIGN KEY (`MediaID`) REFERENCES `Media` (`ID`),
  ADD CONSTRAINT `Clinic_ibfk_2` FOREIGN KEY (`PersonID`) REFERENCES `Person` (`ID`),
  ADD CONSTRAINT `FK_Clinic_Department` FOREIGN KEY (`Dept_ID`) REFERENCES `Department` (`ID`);

--
-- Constraints for table `Department`
--
ALTER TABLE `Department`
  ADD CONSTRAINT `Department_ibfk_1` FOREIGN KEY (`MediaID`) REFERENCES `Media` (`ID`),
  ADD CONSTRAINT `Department_ibfk_2` FOREIGN KEY (`ClinicID`) REFERENCES `Clinic` (`ID`),
  ADD CONSTRAINT `FK_Hospital_Department` FOREIGN KEY (`HospitalID`) REFERENCES `Hospital` (`ID`);

--
-- Constraints for table `Hospital`
--
ALTER TABLE `Hospital`
  ADD CONSTRAINT `Hospital_ibfk_1` FOREIGN KEY (`MediaID`) REFERENCES `Media` (`ID`),
  ADD CONSTRAINT `Hospital_ibfk_2` FOREIGN KEY (`DepartmentID`) REFERENCES `Department` (`ID`);

--
-- Constraints for table `ManagementGroup`
--
ALTER TABLE `ManagementGroup`
  ADD CONSTRAINT `ManagementGroup_ibfk_1` FOREIGN KEY (`HospiyalID`) REFERENCES `Hospital` (`ID`),
  ADD CONSTRAINT `ManagementGroup_ibfk_2` FOREIGN KEY (`PersonID`) REFERENCES `Person` (`ID`);

--
-- Constraints for table `News`
--
ALTER TABLE `News`
  ADD CONSTRAINT `News_ibfk_1` FOREIGN KEY (`MediaID`) REFERENCES `Media` (`ID`),
  ADD CONSTRAINT `News_ibfk_2` FOREIGN KEY (`HospitalID`) REFERENCES `Hospital` (`ID`);
COMMIT;

/*!40101 SET CHARACTER_SET_CLIENT=@OLD_CHARACTER_SET_CLIENT */;
/*!40101 SET CHARACTER_SET_RESULTS=@OLD_CHARACTER_SET_RESULTS */;
/*!40101 SET COLLATION_CONNECTION=@OLD_COLLATION_CONNECTION */;
